lv1_code,product_class_name,name,status,brand,attribute.country_of_origin.string,attribute.co_online.boolean,attribute.us_online.boolean,attribute.cup_size.single_option,attribute.delivery_returns.text,attribute.deliveryreturns.html,attribute.description.html,attribute.dw_size_code.single_option,attribute.fabric_care.html,attribute.online_description.html,attribute.online_name.string,attribute.page_description.text,attribute.page_keywords.string,attribute.page_url.string,attribute.short_description.html,attribute.size_fit.text,attribute.tax_class.string,attribute.saya_collection.single_option,attribute.saya_country.single_option,attribute.saya_fabric_content.string,attribute.saya_group.single_option,attribute.saya_line.single_option,attribute.saya_long_description.html,attribute.saya_product_department.single_option,attribute.saya_product_status.string,attribute.saya_season.single_option,attribute.saya_tariff_code.string,attribute.saya_color.single_option,attribute.saya_size.single_option
1259xbp01_blanco_os,Single Level Product Style,1259XBP01 BLANCO OS,active,Maaji,Colombia,1,1,,,"<p><b>Delivery</b>
<br/>FREE POSTAGE within COLOMBIA for orders over COP $250.000. Orders under COP $250.000 will incur a shipping fee.
Delivery times are dependent on your location but are typically 2-3 working days. Regional areas outside of metro areas, typically add an additional day to delivery estimates.</p>
<br/>
</p><b>Returns</b>
<br/>Returns and exchanges are accepted on merchandise within 30 
days of receipt. The product must be returned in original condition. Worn, washed or otherwise used products will not be accepted. All products must also have the original tags and hygienic protection sticker intact. Original shipping charges will not be refunded unless the return items are deemed defective. Our Returns Policy is in addition to your rights under the Colombian Consumer Law.</p>",<h4>PRIMAVERA SPORT PACK</h4>,,"<p>Do not soak, do not iron, do not use soaps with decolorizing</p>","<p>Packable backpack in light fabric, ideal for traveling</p>",PRIMAVERA SPORT PACK,"Packable backpack in light fabric, ideal for traveling",,,,,,SPRING 2018,COLOMBIA,,,,PRIMAVERA SPORT PACK,,active,2018,42.02.92.00.00,,
1260xvr01_gris_os,Single Level Product Style,1260XVR01 GRIS OS,active,Maaji,Colombia,1,1,,,"<p><b>Delivery</b>
<br/>FREE POSTAGE within COLOMBIA for orders over COP $250.000. Orders under COP $250.000 will incur a shipping fee.
Delivery times are dependent on your location but are typically 2-3 working days. Regional areas outside of metro areas, typically add an additional day to delivery estimates.</p>
<br/>
</p><b>Returns</b>
<br/>Returns and exchanges are accepted on merchandise within 30 
days of receipt. The product must be returned in original condition. Worn, washed or otherwise used products will not be accepted. All products must also have the original tags and hygienic protection sticker intact. Original shipping charges will not be refunded unless the return items are deemed defective. Our Returns Policy is in addition to your rights under the Colombian Consumer Law.</p>",<h4>MAAJICAL SPORT BAG</h4>,,"<p>Do not soak, do not iron, do not use soaps with decolorizing</p>","<p>Sport reversible bag with pockets, on solid color side and on printed side, removable snaps</p>",MAAJICAL SPORT BAG,"Sport reversible bag with pockets, on solid color side and on printed side, removable snaps",,,,,,SPRING 2018,COLOMBIA,,,,MAAJICAL SPORT BAG,,active,2018,42.02.92.00.00,,
1228xwk02_azul_os,Single Level Product Style,1228XWK02 AZUL OS,active,Maaji,Colombia,1,1,,,"<p><b>Delivery</b>
<br/>FREE POSTAGE within COLOMBIA for orders over COP $250.000. Orders under COP $250.000 will incur a shipping fee.
Delivery times are dependent on your location but are typically 2-3 working days. Regional areas outside of metro areas, typically add an additional day to delivery estimates.</p>
<br/>
</p><b>Returns</b>
<br/>Returns and exchanges are accepted on merchandise within 30 
days of receipt. The product must be returned in original condition. Worn, washed or otherwise used products will not be accepted. All products must also have the original tags and hygienic protection sticker intact. Original shipping charges will not be refunded unless the return items are deemed defective. Our Returns Policy is in addition to your rights under the Colombian Consumer Law.</p>",<h4>PALMY CONVERTIBLE WEEKENDER BAG</h4>,,"<p>Do not soak, do not iron, do not use soaps with decolorizing</p>","<p>Duffle bag with zipper to convert it, with two pockets</p>",PALMY CONVERTIBLE WEEKENDER BAG,"Duffle bag with zipper to convert it, with two pockets",,,,,,SPRING 2018,COLOMBIA,,,,PALMY CONVERTIBLE WEEKENDER BAG,,active,2018,42.02.92.00.00,,
1218xtw02_azul_os,Single Level Product Style, 1218XTW02 AZUL OS,active,Maaji,Colombia,1,1,,,"<p><b>Delivery</b>
<br/>FREE POSTAGE within COLOMBIA for orders over COP $250.000. Orders under COP $250.000 will incur a shipping fee.
Delivery times are dependent on your location but are typically 2-3 working days. Regional areas outside of metro areas, typically add an additional day to delivery estimates.</p>
<br/>
</p><b>Returns</b>
<br/>Returns and exchanges are accepted on merchandise within 30 
days of receipt. The product must be returned in original condition. Worn, washed or otherwise used products will not be accepted. All products must also have the original tags and hygienic protection sticker intact. Original shipping charges will not be refunded unless the return items are deemed defective. Our Returns Policy is in addition to your rights under the Colombian Consumer Law.</p>",<h4>PALMY GYM TOWEL</h4>,,"<p>Do not soak, do not iron, do not use soaps with decolorizing</p>",<p>Rectangular duplex towell with elastic band to envelope</p>,PALMY GYM TOWEL,Rectangular duplex towell with elastic band to envelope,,,,,,SPRING 2018,COLOMBIA,,,,PALMY GYM TOWEL,,active,2018,63.02.93.00.00,,
1219xpk02_azul_os,Single Level Product Style,1219XPK02 AZUL OS,active,Maaji,Colombia,1,1,,,"<p><b>Delivery</b>
<br/>FREE POSTAGE within COLOMBIA for orders over COP $250.000. Orders under COP $250.000 will incur a shipping fee.
Delivery times are dependent on your location but are typically 2-3 working days. Regional areas outside of metro areas, typically add an additional day to delivery estimates.</p>
<br/>
</p><b>Returns</b>
<br/>Returns and exchanges are accepted on merchandise within 30 
days of receipt. The product must be returned in original condition. Worn, washed or otherwise used products will not be accepted. All products must also have the original tags and hygienic protection sticker intact. Original shipping charges will not be refunded unless the return items are deemed defective. Our Returns Policy is in addition to your rights under the Colombian Consumer Law.</p>",<h4>PALMY DOPP KIT</h4>,,"<p>Do not soak, do not iron, do not use soaps with decolorizing</p>",<p>Shoe or cosmetic travel pocket with side strap to keep it and outside pocket to save little stuff</p>,PALMY DOPP KIT,Shoe or cosmetic travel pocket with side strap to keep it and outside pocket to save little stuff,,,,,,SPRING 2018,COLOMBIA,,,,PALMY DOPP KIT,,active,2018,42.02.32.00.00,,
1223xpk02_multicolor_os,Single Level Product Style,1223XPK02 MULTICOLOR OS,active,Maaji,Colombia,1,1,,,"<p><b>Delivery</b>
<br/>FREE POSTAGE within COLOMBIA for orders over COP $250.000. Orders under COP $250.000 will incur a shipping fee.
Delivery times are dependent on your location but are typically 2-3 working days. Regional areas outside of metro areas, typically add an additional day to delivery estimates.</p>
<br/>
</p><b>Returns</b>
<br/>Returns and exchanges are accepted on merchandise within 30 
days of receipt. The product must be returned in original condition. Worn, washed or otherwise used products will not be accepted. All products must also have the original tags and hygienic protection sticker intact. Original shipping charges will not be refunded unless the return items are deemed defective. Our Returns Policy is in addition to your rights under the Colombian Consumer Law.</p>",<h4>BUCKET COSMETIC BAG</h4>,,"<p>Do not soak, do not iron, do not use soaps with decolorizing</p>","<p>Travel organizer with capacity to keep personal cleanliness, drawstring to close it and strap to hold it</p>",BUCKET COSMETIC BAG,"Travel organizer with capacity to keep personal cleanliness, drawstring to close it and strap to hold it",,,,,,SPRING 2018,COLOMBIA,,,,BUCKET COSMETIC BAG,,active,2018,42.02.12.10.00,,
1225xha02_multicolor_os,Single Level Product Style,1225XHA02 MULTICOLOR OS,active,Maaji,Colombia,1,1,,,"<p><b>Delivery</b>
<br/>FREE POSTAGE within COLOMBIA for orders over COP $250.000. Orders under COP $250.000 will incur a shipping fee.
Delivery times are dependent on your location but are typically 2-3 working days. Regional areas outside of metro areas, typically add an additional day to delivery estimates.</p>
<br/>
</p><b>Returns</b>
<br/>Returns and exchanges are accepted on merchandise within 30 
days of receipt. The product must be returned in original condition. Worn, washed or otherwise used products will not be accepted. All products must also have the original tags and hygienic protection sticker intact. Original shipping charges will not be refunded unless the return items are deemed defective. Our Returns Policy is in addition to your rights under the Colombian Consumer Law.</p>",<h4>TURBAN</h4>,,"<p>Do not soak, do not iron, do not use soaps with decolorizing</p>",<p>Width turban with braids</p>,TURBAN,Width turban with braids,,,,,,SPRING 2018,COLOMBIA,,,,TURBAN,,active,2018,61.17.80.90.00,,
1216xha02_multicolor_os,Single Level Product Style,1216XHA02 MULTICOLOR OS,active,Maaji,Colombia,1,1,,,"<p><b>Delivery</b>
<br/>FREE POSTAGE within COLOMBIA for orders over COP $250.000. Orders under COP $250.000 will incur a shipping fee.
Delivery times are dependent on your location but are typically 2-3 working days. Regional areas outside of metro areas, typically add an additional day to delivery estimates.</p>
<br/>
</p><b>Returns</b>
<br/>Returns and exchanges are accepted on merchandise within 30 
days of receipt. The product must be returned in original condition. Worn, washed or otherwise used products will not be accepted. All products must also have the original tags and hygienic protection sticker intact. Original shipping charges will not be refunded unless the return items are deemed defective. Our Returns Policy is in addition to your rights under the Colombian Consumer Law.</p>",<h4>SKINNY HEADBANDS</h4>,,"<p>Do not soak, do not iron, do not use soaps with decolorizing</p>",<p>Two headbands kit</p>,SKINNY HEADBANDS,Two headbands kit,,,,,,SPRING 2018,COLOMBIA,,,,SKINNY HEADBANDS,,active,2018,61.17.80.90.00,,
1466cpr01_red_os,Single Level Product Style,1466CPR01 RED OS,active,Maaji,Colombia,1,1,,,"<p><b>Delivery</b>
<br/>FREE POSTAGE within COLOMBIA for orders over COP $250.000. Orders under COP $250.000 will incur a shipping fee.
Delivery times are dependent on your location but are typically 2-3 working days. Regional areas outside of metro areas, typically add an additional day to delivery estimates.</p>
<br/>
</p><b>Returns</b>
<br/>Returns and exchanges are accepted on merchandise within 30 
days of receipt. The product must be returned in original condition. Worn, washed or otherwise used products will not be accepted. All products must also have the original tags and hygienic protection sticker intact. Original shipping charges will not be refunded unless the return items are deemed defective. Our Returns Policy is in addition to your rights under the Colombian Consumer Law.</p>",<h4>TRUMPETFISH</h4>,,<p>Do not Machine wash at temperatures<br/>Do not use dryer<br/>Do not wring<br/>Line dry<br/>Steam and turn inside out<br/>Do not bleach<br/>Do not use hot water<br/>Do not use vinegar</p>,<p>Squeare pareos <br/>Stitch detail at hem</p>,TRUMPETFISH ,"Squeare pareos. 
Stitch detail at hem",,,,,,SPRING 2018,COLOMBIA,,,,TRUMPETFISH,,active,2018,62.17.10.00.00,,
1390cki01_morado_os,Single Level Product Style,1390CKI01 MORADO OS,active,Maaji,Colombia,1,1,,,"<p><b>Delivery</b>
<br/>FREE POSTAGE within COLOMBIA for orders over COP $250.000. Orders under COP $250.000 will incur a shipping fee.
Delivery times are dependent on your location but are typically 2-3 working days. Regional areas outside of metro areas, typically add an additional day to delivery estimates.</p>
<br/>
</p><b>Returns</b>
<br/>Returns and exchanges are accepted on merchandise within 30 
days of receipt. The product must be returned in original condition. Worn, washed or otherwise used products will not be accepted. All products must also have the original tags and hygienic protection sticker intact. Original shipping charges will not be refunded unless the return items are deemed defective. Our Returns Policy is in addition to your rights under the Colombian Consumer Law.</p>",<h4>SEA STARS</h4>,,<p>Do not Machine wash at temperatures<br/>Do not use dryer<br/>Do not wring<br/>Line dry<br/>Steam and turn inside out<br/>Do not bleach<br/>Do not use hot water<br/>Do not use vinegar</p>,<p>Kimono<br/>Middle sleeve</p>,SEA STARS,"Kimono.
Middle sleeve",,,,,,SPRING 2018,COLOMBIA,,,,SEA STARS,,active,2018,61.14.30.00.00,,
1482cpr01_multicolor_os,Single Level Product Style,1482CPR01 MULTICOLOR OS,active,Maaji,Colombia,1,1,,,"<p><b>Delivery</b>
<br/>FREE POSTAGE within COLOMBIA for orders over COP $250.000. Orders under COP $250.000 will incur a shipping fee.
Delivery times are dependent on your location but are typically 2-3 working days. Regional areas outside of metro areas, typically add an additional day to delivery estimates.</p>
<br/>
</p><b>Returns</b>
<br/>Returns and exchanges are accepted on merchandise within 30 
days of receipt. The product must be returned in original condition. Worn, washed or otherwise used products will not be accepted. All products must also have the original tags and hygienic protection sticker intact. Original shipping charges will not be refunded unless the return items are deemed defective. Our Returns Policy is in addition to your rights under the Colombian Consumer Law.</p>",<h4>BAR REEF</h4>,,<p>Do not Machine wash at temperatures<br/>Do not use dryer<br/>Do not wring<br/>Line dry<br/>Steam and turn inside out<br/>Do not bleach<br/>Do not use hot water<br/>Do not use vinegar</p>,<p>Squeare pareo<br/>Stitch detail at hem</p>,BAR REEF,"Squeare pareo.
Stitch detail at hem",,,,,,SPRING 2018,COLOMBIA,,,,BAR REEF,,active,2018,62.17.10.00.00,,
1478cpr01_anaranjado_os,Single Level Product Style,1478CPR01 ANARANJADO OS,active,Maaji,Colombia,1,1,,,"<p><b>Delivery</b>
<br/>FREE POSTAGE within COLOMBIA for orders over COP $250.000. Orders under COP $250.000 will incur a shipping fee.
Delivery times are dependent on your location but are typically 2-3 working days. Regional areas outside of metro areas, typically add an additional day to delivery estimates.</p>
<br/>
</p><b>Returns</b>
<br/>Returns and exchanges are accepted on merchandise within 30 
days of receipt. The product must be returned in original condition. Worn, washed or otherwise used products will not be accepted. All products must also have the original tags and hygienic protection sticker intact. Original shipping charges will not be refunded unless the return items are deemed defective. Our Returns Policy is in addition to your rights under the Colombian Consumer Law.</p>",<h4>MELLOW HONEY</h4>,,<p>Do not Machine wash at temperatures<br/>Do not use dryer<br/>Do not wring<br/>Line dry<br/>Steam and turn inside out<br/>Do not bleach<br/>Do not use hot water<br/>Do not use vinegar</p>,<p>Squeare pareo<br/>Stitch detail at hem</p>,MELLOW HONEY ,"Squeare pareo.
Stitch detail at hem",,,,,,SPRING 2018,COLOMBIA,,,,MELLOW HONEY,,active,2018,62.17.10.00.00,,
1490cpr01_verde_os,Single Level Product Style,1490CPR01 VERDE OS,active,Maaji,Colombia,1,1,,,"<p><b>Delivery</b>
<br/>FREE POSTAGE within COLOMBIA for orders over COP $250.000. Orders under COP $250.000 will incur a shipping fee.
Delivery times are dependent on your location but are typically 2-3 working days. Regional areas outside of metro areas, typically add an additional day to delivery estimates.</p>
<br/>
</p><b>Returns</b>
<br/>Returns and exchanges are accepted on merchandise within 30 
days of receipt. The product must be returned in original condition. Worn, washed or otherwise used products will not be accepted. All products must also have the original tags and hygienic protection sticker intact. Original shipping charges will not be refunded unless the return items are deemed defective. Our Returns Policy is in addition to your rights under the Colombian Consumer Law.</p>",<h4>MYSTIC ISLE</h4>,,<p>Do not Machine wash at temperatures<br/>Do not use dryer<br/>Do not wring<br/>Line dry<br/>Steam and turn inside out<br/>Do not bleach<br/>Do not use hot water<br/>Do not use vinegar</p>,<p>Squeare pareo<br/>Stitch detail at hem</p>,MYSTIC ISLE,"Squeare pareo.
Stitch detail at hem",,,,,,SPRING 2018,COLOMBIA,,,,MYSTIC ISLE,,active,2018,62.17.10.00.00,,
1495cpr01_azul_os,Single Level Product Style,1495CPR01 AZUL OS,active,Maaji,Colombia,1,1,,,"<p><b>Delivery</b>
<br/>FREE POSTAGE within COLOMBIA for orders over COP $250.000. Orders under COP $250.000 will incur a shipping fee.
Delivery times are dependent on your location but are typically 2-3 working days. Regional areas outside of metro areas, typically add an additional day to delivery estimates.</p>
<br/>
</p><b>Returns</b>
<br/>Returns and exchanges are accepted on merchandise within 30 
days of receipt. The product must be returned in original condition. Worn, washed or otherwise used products will not be accepted. All products must also have the original tags and hygienic protection sticker intact. Original shipping charges will not be refunded unless the return items are deemed defective. Our Returns Policy is in addition to your rights under the Colombian Consumer Law.</p>",<h4>MYSTIC SEA SALT</h4>,,<p>Do not Machine wash at temperatures<br/>Do not use dryer<br/>Do not wring<br/>Line dry<br/>Steam and turn inside out<br/>Do not bleach<br/>Do not use hot water<br/>Do not use vinegar</p>,<p>Squeare pareo<br/>Stitch detail at hem</p>,MYSTIC SEA SALT,"Squeare pareo.
Stitch detail at hem",,,,,,SPRING 2018,COLOMBIA,,,,MYSTIC SEA SALT,,active,2018,62.17.10.00.00,,
1473cpo01_azul_os,Single Level Product Style,1473CPO01 AZUL OS,active,Maaji,Colombia,1,1,,,"<p><b>Delivery</b>
<br/>FREE POSTAGE within COLOMBIA for orders over COP $250.000. Orders under COP $250.000 will incur a shipping fee.
Delivery times are dependent on your location but are typically 2-3 working days. Regional areas outside of metro areas, typically add an additional day to delivery estimates.</p>
<br/>
</p><b>Returns</b>
<br/>Returns and exchanges are accepted on merchandise within 30 
days of receipt. The product must be returned in original condition. Worn, washed or otherwise used products will not be accepted. All products must also have the original tags and hygienic protection sticker intact. Original shipping charges will not be refunded unless the return items are deemed defective. Our Returns Policy is in addition to your rights under the Colombian Consumer Law.</p>",<h4>CUPCAKE CAT</h4>,,<p>Do not Machine wash at temperatures<br/>Do not use dryer<br/>Do not wring<br/>Line dry<br/>Steam and turn inside out<br/>Do not bleach<br/>Do not use hot water<br/>Do not use vinegar</p>,<p>Poncho.<br/>Trim at hem</p>,CUPCAKE CAT ,"Poncho 
Trim at hem",,,,,,SPRING 2018,COLOMBIA,,,,CUPCAKE CAT ,,active,2018,62.17.10.00.00,,
1250xtr01_multicolor_os,Single Level Product Style,1250XTR01 MULTICOLOR OS,active,Maaji,Colombia,1,1,,,"<p><b>Delivery</b>
<br/>FREE POSTAGE within COLOMBIA for orders over COP $250.000. Orders under COP $250.000 will incur a shipping fee.
Delivery times are dependent on your location but are typically 2-3 working days. Regional areas outside of metro areas, typically add an additional day to delivery estimates.</p>
<br/>
</p><b>Returns</b>
<br/>Returns and exchanges are accepted on merchandise within 30 
days of receipt. The product must be returned in original condition. Worn, washed or otherwise used products will not be accepted. All products must also have the original tags and hygienic protection sticker intact. Original shipping charges will not be refunded unless the return items are deemed defective. Our Returns Policy is in addition to your rights under the Colombian Consumer Law.</p>",<h4>PASSPORT KEEPER</h4>,,"<p>Do not soak, do not iron, do not use soaps with decolorizing</p>","<p>Passport keeper with spaces for cards, elastic band to envelope and space for a pen</p>",PASSPORT KEEPER,"Passport keeper with spaces for cards, elastic band to envelope and space for a pen",,,,,,SPRING 2018,COLOMBIA,,,,PASSPORT KEEPER,,active,2018,42.02.32.00.00,,
1254xpk01_multicolor_os,Single Level Product Style,1254XPK01 MULTICOLOR OS,active,Maaji,Colombia,1,1,,,"<p><b>Delivery</b>
<br/>FREE POSTAGE within COLOMBIA for orders over COP $250.000. Orders under COP $250.000 will incur a shipping fee.
Delivery times are dependent on your location but are typically 2-3 working days. Regional areas outside of metro areas, typically add an additional day to delivery estimates.</p>
<br/>
</p><b>Returns</b>
<br/>Returns and exchanges are accepted on merchandise within 30 
days of receipt. The product must be returned in original condition. Worn, washed or otherwise used products will not be accepted. All products must also have the original tags and hygienic protection sticker intact. Original shipping charges will not be refunded unless the return items are deemed defective. Our Returns Policy is in addition to your rights under the Colombian Consumer Law.</p>",<h4>HEADPHONES KEEPER</h4>,,"<p>Do not soak, do not iron, do not use soaps with decolorizing</p>","<p>Coin purse with zipper to save rolled headphones, carabiner to hold it from bags and purses</p>",HEADPHONES KEEPER,"Coin purse with zipper to save rolled headphones, carabiner to hold it from bags and purses",,,,,,SPRING 2018,COLOMBIA,,,,HEADPHONES KEEPER,,active,2018,42.02.32.00.00,,
1231xcp01_azul_os,Single Level Product Style,1231XCP01 AZUL OS,active,Maaji,Colombia,1,1,,,"<p><b>Delivery</b>
<br/>FREE POSTAGE within COLOMBIA for orders over COP $250.000. Orders under COP $250.000 will incur a shipping fee.
Delivery times are dependent on your location but are typically 2-3 working days. Regional areas outside of metro areas, typically add an additional day to delivery estimates.</p>
<br/>
</p><b>Returns</b>
<br/>Returns and exchanges are accepted on merchandise within 30 
days of receipt. The product must be returned in original condition. Worn, washed or otherwise used products will not be accepted. All products must also have the original tags and hygienic protection sticker intact. Original shipping charges will not be refunded unless the return items are deemed defective. Our Returns Policy is in addition to your rights under the Colombian Consumer Law.</p>",<h4>HERITAGE LOVELY CAP</h4>,,"<p>Do not soak, do not iron, do not use soaps with decolorizing</p>",<p>Beach cap</p>,HERITAGE LOVELY CAP,Beach cap,,,,,,SPRING 2018,COLOMBIA,,,,HERITAGE LOVELY CAP,,active,2018,65.06.99.00.00,,
1246xpk01_multicolor_os,Single Level Product Style,1246XPK01 MULTICOLOR OS,active,Maaji,Colombia,1,1,,,"<p><b>Delivery</b>
<br/>FREE POSTAGE within COLOMBIA for orders over COP $250.000. Orders under COP $250.000 will incur a shipping fee.
Delivery times are dependent on your location but are typically 2-3 working days. Regional areas outside of metro areas, typically add an additional day to delivery estimates.</p>
<br/>
</p><b>Returns</b>
<br/>Returns and exchanges are accepted on merchandise within 30 
days of receipt. The product must be returned in original condition. Worn, washed or otherwise used products will not be accepted. All products must also have the original tags and hygienic protection sticker intact. Original shipping charges will not be refunded unless the return items are deemed defective. Our Returns Policy is in addition to your rights under the Colombian Consumer Law.</p>",<h4>DOUBLE MAAJICAL POCKET</h4>,,"<p>Do not soak, do not iron, do not use soaps with decolorizing</p>",<p>Travel purse with two pockets with big capacity</p>,DOUBLE MAAJICAL POCKET,Travel purse with two pockets with big capacity,,,,,,SPRING 2018,COLOMBIA,,,,DOUBLE MAAJICAL POCKET,,active,2018,42.02.32.00.00,,
1230xte01_beige_os,Single Level Product Style,1230XTE01 BEIGE OS,active,Maaji,Colombia,1,1,,,"<p><b>Delivery</b>
<br/>FREE POSTAGE within COLOMBIA for orders over COP $250.000. Orders under COP $250.000 will incur a shipping fee.
Delivery times are dependent on your location but are typically 2-3 working days. Regional areas outside of metro areas, typically add an additional day to delivery estimates.</p>
<br/>
</p><b>Returns</b>
<br/>Returns and exchanges are accepted on merchandise within 30 
days of receipt. The product must be returned in original condition. Worn, washed or otherwise used products will not be accepted. All products must also have the original tags and hygienic protection sticker intact. Original shipping charges will not be refunded unless the return items are deemed defective. Our Returns Policy is in addition to your rights under the Colombian Consumer Law.</p>",<h4>COCONUT BAGGY TOTE</h4>,,"<p>Do not soak, do not iron, do not use soaps with decolorizing</p>","<p>Beach bag with big capacity, decorative fringes and inside little pocket</p>",COCONUT BAGGY TOTE,"Beach bag with big capacity, decorative fringes and inside little pocket",,,,,,SPRING 2018,COLOMBIA,,,,COCONUT BAGGY TOTE,,active,2018,42.02.22.00.00,,
1247xpk01_multicolor_os,Single Level Product Style,1247XPK01 MULTICOLOR OS,active,Maaji,Colombia,1,1,,,"<p><b>Delivery</b>
<br/>FREE POSTAGE within COLOMBIA for orders over COP $250.000. Orders under COP $250.000 will incur a shipping fee.
Delivery times are dependent on your location but are typically 2-3 working days. Regional areas outside of metro areas, typically add an additional day to delivery estimates.</p>
<br/>
</p><b>Returns</b>
<br/>Returns and exchanges are accepted on merchandise within 30 
days of receipt. The product must be returned in original condition. Worn, washed or otherwise used products will not be accepted. All products must also have the original tags and hygienic protection sticker intact. Original shipping charges will not be refunded unless the return items are deemed defective. Our Returns Policy is in addition to your rights under the Colombian Consumer Law.</p>",<h4>SECRETS POCKET</h4>,,"<p>Do not soak, do not iron, do not use soaps with decolorizing</p>",<p>Colors purse with two pockets with zipper and two inside pockets without zipper</p>,SECRETS POCKET,Colors purse with two pockets with zipper and two inside pockets without zipper,,,,,,SPRING 2018,COLOMBIA,,,,SECRETS POCKET,,active,2018,42.02.32.00.00,,
1251xpk01_multicolor_os,Single Level Product Style,1251XPK01 MULTICOLOR OS,active,Maaji,Colombia,1,1,,,"<p><b>Delivery</b>
<br/>FREE POSTAGE within COLOMBIA for orders over COP $250.000. Orders under COP $250.000 will incur a shipping fee.
Delivery times are dependent on your location but are typically 2-3 working days. Regional areas outside of metro areas, typically add an additional day to delivery estimates.</p>
<br/>
</p><b>Returns</b>
<br/>Returns and exchanges are accepted on merchandise within 30 
days of receipt. The product must be returned in original condition. Worn, washed or otherwise used products will not be accepted. All products must also have the original tags and hygienic protection sticker intact. Original shipping charges will not be refunded unless the return items are deemed defective. Our Returns Policy is in addition to your rights under the Colombian Consumer Law.</p>",<h4>ASSORTED TRAVEL POCKET</h4>,,"<p>Do not soak, do not iron, do not use soaps with decolorizing</p>","<p>Cosmetic bag with big capacity, ony one pocket</p>",ASSORTED TRAVEL POCKET,"Cosmetic bag with big capacity, ony one pocket",,,,,,SPRING 2018,COLOMBIA,,,,ASSORTED TRAVEL POCKET,,active,2018,42.02.32.00.00,,
1235xtw01_red_os,Single Level Product Style,1235XTW01 RED OS,active,Maaji,Colombia,1,1,,,"<p><b>Delivery</b>
<br/>FREE POSTAGE within COLOMBIA for orders over COP $250.000. Orders under COP $250.000 will incur a shipping fee.
Delivery times are dependent on your location but are typically 2-3 working days. Regional areas outside of metro areas, typically add an additional day to delivery estimates.</p>
<br/>
</p><b>Returns</b>
<br/>Returns and exchanges are accepted on merchandise within 30 
days of receipt. The product must be returned in original condition. Worn, washed or otherwise used products will not be accepted. All products must also have the original tags and hygienic protection sticker intact. Original shipping charges will not be refunded unless the return items are deemed defective. Our Returns Policy is in addition to your rights under the Colombian Consumer Law.</p>",<h4>AMARANT BEACH BLANKET</h4>,,"<p>Do not soak, do not iron, do not use soaps with decolorizing</p>",<p>Round duplex towell with decorative fringes</p>,AMARANT BEACH BLANKET,Round duplex towell with decorative fringes,,,,,,SPRING 2018,COLOMBIA,,,,AMARANT BEACH BLANKET,,active,2018,63.07.90.90.00,,
1238xcp02_azul_os,Single Level Product Style,1238XCP02 AZUL OS,active,Maaji,Colombia,1,1,,,"<p><b>Delivery</b>
<br/>FREE POSTAGE within COLOMBIA for orders over COP $250.000. Orders under COP $250.000 will incur a shipping fee.
Delivery times are dependent on your location but are typically 2-3 working days. Regional areas outside of metro areas, typically add an additional day to delivery estimates.</p>
<br/>
</p><b>Returns</b>
<br/>Returns and exchanges are accepted on merchandise within 30 
days of receipt. The product must be returned in original condition. Worn, washed or otherwise used products will not be accepted. All products must also have the original tags and hygienic protection sticker intact. Original shipping charges will not be refunded unless the return items are deemed defective. Our Returns Policy is in addition to your rights under the Colombian Consumer Law.</p>",<h4>CRYSTAL KNOT VISOR</h4>,,"<p>Do not soak, do not iron, do not use soaps with decolorizing</p>",<p>Knot visor</p>,CRYSTAL KNOT VISOR,Knot visor,,,,,,SPRING 2018,COLOMBIA,,,,CRYSTAL KNOT VISOR,,active,2018,65.07.00.00.00,,
1238xcp01_red_os,Single Level Product Style,1238XCP01 RED OS,active,Maaji,Colombia,1,1,,,"<p><b>Delivery</b>
<br/>FREE POSTAGE within COLOMBIA for orders over COP $250.000. Orders under COP $250.000 will incur a shipping fee.
Delivery times are dependent on your location but are typically 2-3 working days. Regional areas outside of metro areas, typically add an additional day to delivery estimates.</p>
<br/>
</p><b>Returns</b>
<br/>Returns and exchanges are accepted on merchandise within 30 
days of receipt. The product must be returned in original condition. Worn, washed or otherwise used products will not be accepted. All products must also have the original tags and hygienic protection sticker intact. Original shipping charges will not be refunded unless the return items are deemed defective. Our Returns Policy is in addition to your rights under the Colombian Consumer Law.</p>",<h4>MULATA KNOT VISOR</h4>,,"<p>Do not soak, do not iron, do not use soaps with decolorizing</p>",<p>Knot visor</p>,MULATA KNOT VISOR,Knot visor,,,,,,SPRING 2018,COLOMBIA,,,,MULATA KNOT VISOR,,active,2018,65.07.00.00.00,,
1231xcp03_multicolor_os,Single Level Product Style,1231XCP03 MULTICOLOR OS,active,Maaji,Colombia,1,1,,,"<p><b>Delivery</b>
<br/>FREE POSTAGE within COLOMBIA for orders over COP $250.000. Orders under COP $250.000 will incur a shipping fee.
Delivery times are dependent on your location but are typically 2-3 working days. Regional areas outside of metro areas, typically add an additional day to delivery estimates.</p>
<br/>
</p><b>Returns</b>
<br/>Returns and exchanges are accepted on merchandise within 30 
days of receipt. The product must be returned in original condition. Worn, washed or otherwise used products will not be accepted. All products must also have the original tags and hygienic protection sticker intact. Original shipping charges will not be refunded unless the return items are deemed defective. Our Returns Policy is in addition to your rights under the Colombian Consumer Law.</p>",<h4>AMAZON CAP</h4>,,"<p>Do not soak, do not iron, do not use soaps with decolorizing</p>",<p>Beach cap</p>,AMAZON CAP,Beach cap,,,,,,SPRING 2018,COLOMBIA,,,,AMAZON CAP,,active,2018,65.06.99.00.00,,
1231xcp02_multicolor_os,Single Level Product Style,1231XCP02 MULTICOLOR OS,active,Maaji,Colombia,1,1,,,"<p><b>Delivery</b>
<br/>FREE POSTAGE within COLOMBIA for orders over COP $250.000. Orders under COP $250.000 will incur a shipping fee.
Delivery times are dependent on your location but are typically 2-3 working days. Regional areas outside of metro areas, typically add an additional day to delivery estimates.</p>
<br/>
</p><b>Returns</b>
<br/>Returns and exchanges are accepted on merchandise within 30 
days of receipt. The product must be returned in original condition. Worn, washed or otherwise used products will not be accepted. All products must also have the original tags and hygienic protection sticker intact. Original shipping charges will not be refunded unless the return items are deemed defective. Our Returns Policy is in addition to your rights under the Colombian Consumer Law.</p>",<h4>AMARANT MULATA CAP</h4>,,"<p>Do not soak, do not iron, do not use soaps with decolorizing</p>",<p>Beach cap</p>,AMARANT MULATA CAP,Beach cap,,,,,,SPRING 2018,COLOMBIA,,,,AMARANT MULATA CAP,,active,2018,65.06.99.00.00,,
1237xtc01_azul_os,Single Level Product Style,1237XTC01 AZUL OS,active,Maaji,Colombia,1,1,,,"<p><b>Delivery</b>
<br/>FREE POSTAGE within COLOMBIA for orders over COP $250.000. Orders under COP $250.000 will incur a shipping fee.
Delivery times are dependent on your location but are typically 2-3 working days. Regional areas outside of metro areas, typically add an additional day to delivery estimates.</p>
<br/>
</p><b>Returns</b>
<br/>Returns and exchanges are accepted on merchandise within 30 
days of receipt. The product must be returned in original condition. Worn, washed or otherwise used products will not be accepted. All products must also have the original tags and hygienic protection sticker intact. Original shipping charges will not be refunded unless the return items are deemed defective. Our Returns Policy is in addition to your rights under the Colombian Consumer Law.</p>",<h4>AMAZON COMPUTER CASE</h4>,,"<p>Do not soak, do not iron, do not use soaps with decolorizing</p>","<p>Padded computer bag with short straps and one removible long strap, ooutside pocket</p>",AMAZON COMPUTER CASE,"Padded computer bag with short straps and one removible long strap, ooutside pocket",,,,,,SPRING 2018,COLOMBIA,,,,AMAZON COMPUTER CASE,,active,2018,42.02.92.00.00,,
1253xpk01_multicolor_os,Single Level Product Style,1253XPK01 MULTICOLOR OS,active,Maaji,Colombia,1,1,,,"<p><b>Delivery</b>
<br/>FREE POSTAGE within COLOMBIA for orders over COP $250.000. Orders under COP $250.000 will incur a shipping fee.
Delivery times are dependent on your location but are typically 2-3 working days. Regional areas outside of metro areas, typically add an additional day to delivery estimates.</p>
<br/>
</p><b>Returns</b>
<br/>Returns and exchanges are accepted on merchandise within 30 
days of receipt. The product must be returned in original condition. Worn, washed or otherwise used products will not be accepted. All products must also have the original tags and hygienic protection sticker intact. Original shipping charges will not be refunded unless the return items are deemed defective. Our Returns Policy is in addition to your rights under the Colombian Consumer Law.</p>",<h4>CARD KEEPER</h4>,,"<p>Do not soak, do not iron, do not use soaps with decolorizing</p>","<p>Coin purse with zipper and card spaces, carabiner to hold it from bags and purses</p>",CARD KEEPER,"Coin purse with zipper and card spaces, carabiner to hold it from bags and purses",,,,,,SPRING 2018,COLOMBIA,,,,CARD KEEPER,,active,2018,42.02.32.00.00,,
1258xpk01_multicolor_os,Single Level Product Style,1258XPK01 MULTICOLOR OS,active,Maaji,Colombia,1,1,,,"<p><b>Delivery</b>
<br/>FREE POSTAGE within COLOMBIA for orders over COP $250.000. Orders under COP $250.000 will incur a shipping fee.
Delivery times are dependent on your location but are typically 2-3 working days. Regional areas outside of metro areas, typically add an additional day to delivery estimates.</p>
<br/>
</p><b>Returns</b>
<br/>Returns and exchanges are accepted on merchandise within 30 
days of receipt. The product must be returned in original condition. Worn, washed or otherwise used products will not be accepted. All products must also have the original tags and hygienic protection sticker intact. Original shipping charges will not be refunded unless the return items are deemed defective. Our Returns Policy is in addition to your rights under the Colombian Consumer Law.</p>",<h4>WET BIKINI POCKET</h4>,,"<p>Do not soak, do not iron, do not use soaps with decolorizing</p>","<p>Two bags pocket kit, with intern plastic to keep wet bikinis</p>",WET BIKINI POCKET,"Two bags pocket kit, with intern plastic to keep wet bikinis",,,,,,SPRING 2018,COLOMBIA,,,,WET BIKINI POCKET,,active,2018,42.02.32.00.00,,
1248xpk01_multicolor_os,Single Level Product Style,1248XPK01 MULTICOLOR OS,active,Maaji,Colombia,1,1,,,"<p><b>Delivery</b>
<br/>FREE POSTAGE within COLOMBIA for orders over COP $250.000. Orders under COP $250.000 will incur a shipping fee.
Delivery times are dependent on your location but are typically 2-3 working days. Regional areas outside of metro areas, typically add an additional day to delivery estimates.</p>
<br/>
</p><b>Returns</b>
<br/>Returns and exchanges are accepted on merchandise within 30 
days of receipt. The product must be returned in original condition. Worn, washed or otherwise used products will not be accepted. All products must also have the original tags and hygienic protection sticker intact. Original shipping charges will not be refunded unless the return items are deemed defective. Our Returns Policy is in addition to your rights under the Colombian Consumer Law.</p>",<h4>COCONUT POCKET</h4>,,"<p>Do not soak, do not iron, do not use soaps with decolorizing</p>",<p>Large pocket with outside little pocket</p>,COCONUT POCKET,Large pocket with outside little pocket,,,,,,SPRING 2018,COLOMBIA,,,,COCONUT POCKET,,active,2018,42.02.32.00.00,,
1229xwk01_azul_os,Single Level Product Style,1229XWK01 AZUL OS,active,Maaji,Colombia,1,1,,,"<p><b>Delivery</b>
<br/>FREE POSTAGE within COLOMBIA for orders over COP $250.000. Orders under COP $250.000 will incur a shipping fee.
Delivery times are dependent on your location but are typically 2-3 working days. Regional areas outside of metro areas, typically add an additional day to delivery estimates.</p>
<br/>
</p><b>Returns</b>
<br/>Returns and exchanges are accepted on merchandise within 30 
days of receipt. The product must be returned in original condition. Worn, washed or otherwise used products will not be accepted. All products must also have the original tags and hygienic protection sticker intact. Original shipping charges will not be refunded unless the return items are deemed defective. Our Returns Policy is in addition to your rights under the Colombian Consumer Law.</p>",<h4>HERITAGE LOVELY WEEKENDER</h4>,,"<p>Do not soak, do not iron, do not use soaps with decolorizing</p>","<p>Duffle weekend bag with big capacity, outside pockets, two short straps  and one removible long strap</p>",HERITAGE LOVELY WEEKENDER,"Duffle weekend bag with big capacity, outside pockets, two short straps  and one removible long strap",,,,,,SPRING 2018,COLOMBIA,,,,HERITAGE LOVELY WEEKENDER,,active,2018,42.02.92.00.00,,
1257xha01_multicolor_os,Single Level Product Style,1257XHA01 MULTICOLOR OS,active,Maaji,Colombia,1,1,,,"<p><b>Delivery</b>
<br/>FREE POSTAGE within COLOMBIA for orders over COP $250.000. Orders under COP $250.000 will incur a shipping fee.
Delivery times are dependent on your location but are typically 2-3 working days. Regional areas outside of metro areas, typically add an additional day to delivery estimates.</p>
<br/>
</p><b>Returns</b>
<br/>Returns and exchanges are accepted on merchandise within 30 
days of receipt. The product must be returned in original condition. Worn, washed or otherwise used products will not be accepted. All products must also have the original tags and hygienic protection sticker intact. Original shipping charges will not be refunded unless the return items are deemed defective. Our Returns Policy is in addition to your rights under the Colombian Consumer Law.</p>",<H4>ASSORTED SCRUNCHIES</H4>,,"<p>Do not soak, do not iron, do not use soaps with decolorizing</p>",<P>Two  head scrunchies kit</P>,ASSORTED SCRUNCHIES,Two  head scrunchies kit,,,,,,SPRING 2018,COLOMBIA,,,,ASSORTED SCRUNCHIES,,active,2018,61.17.80.90.00,,
1255xha01_multicolor_os,Single Level Product Style,1255XHA01 MULTICOLOR OS,active,Maaji,Colombia,1,1,,,"<p><b>Delivery</b>
<br/>FREE POSTAGE within COLOMBIA for orders over COP $250.000. Orders under COP $250.000 will incur a shipping fee.
Delivery times are dependent on your location but are typically 2-3 working days. Regional areas outside of metro areas, typically add an additional day to delivery estimates.</p>
<br/>
</p><b>Returns</b>
<br/>Returns and exchanges are accepted on merchandise within 30 
days of receipt. The product must be returned in original condition. Worn, washed or otherwise used products will not be accepted. All products must also have the original tags and hygienic protection sticker intact. Original shipping charges will not be refunded unless the return items are deemed defective. Our Returns Policy is in addition to your rights under the Colombian Consumer Law.</p>",<h4>ASSORTED GIRLY TURBAN</h4>,,"<p>Do not soak, do not iron, do not use soaps with decolorizing</p>",<p>Turban with decorative tie</p>,ASSORTED GIRLY TURBAN,Turban with decorative tie,,,,,,SPRING 2018,COLOMBIA,,,,ASSORTED GIRLY TURBAN,,active,2018,61.17.80.90.00,,
1252xpk01_multicolor_os,Single Level Product Style,1252XPK01 MULTICOLOR OS,active,Maaji,Colombia,1,1,,,"<p><b>Delivery</b>
<br/>FREE POSTAGE within COLOMBIA for orders over COP $250.000. Orders under COP $250.000 will incur a shipping fee.
Delivery times are dependent on your location but are typically 2-3 working days. Regional areas outside of metro areas, typically add an additional day to delivery estimates.</p>
<br/>
</p><b>Returns</b>
<br/>Returns and exchanges are accepted on merchandise within 30 
days of receipt. The product must be returned in original condition. Worn, washed or otherwise used products will not be accepted. All products must also have the original tags and hygienic protection sticker intact. Original shipping charges will not be refunded unless the return items are deemed defective. Our Returns Policy is in addition to your rights under the Colombian Consumer Law.</p>",<h4>ASSORTED BEAUTY POCKET</h4>,,"<p>Do not soak, do not iron, do not use soaps with decolorizing</p>",<p>Little cosmetic pocket with zipper</p>,ASSORTED BEAUTY POCKET,Little cosmetic pocket with zipper,,,,,,SPRING 2018,COLOMBIA,,,,ASSORTED BEAUTY POCKET,,active,2018,42.02.32.00.00,,
1241xte01_beige_os,Single Level Product Style,1241XTE01 BEIGE OS,active,Maaji,Colombia,1,1,,,"<p><b>Delivery</b>
<br/>FREE POSTAGE within COLOMBIA for orders over COP $250.000. Orders under COP $250.000 will incur a shipping fee.
Delivery times are dependent on your location but are typically 2-3 working days. Regional areas outside of metro areas, typically add an additional day to delivery estimates.</p>
<br/>
</p><b>Returns</b>
<br/>Returns and exchanges are accepted on merchandise within 30 
days of receipt. The product must be returned in original condition. Worn, washed or otherwise used products will not be accepted. All products must also have the original tags and hygienic protection sticker intact. Original shipping charges will not be refunded unless the return items are deemed defective. Our Returns Policy is in addition to your rights under the Colombian Consumer Law.</p>",<h4>REAL MERMAID TOTE</h4>,,"<p>Do not soak, do not iron, do not use soaps with decolorizing</p>",<p>Duplex beach bag with decorative fringes and embroidery</p>,REAL MERMAID TOTE,Duplex beach bag with decorative fringes and embroidery,,,,,,SPRING 2018,COLOMBIA,,,,REAL MERMAID TOTE,,active,2018,42.02.22.00.00,,
1245xvr01_azul_os,Single Level Product Style,1245XVR01 AZUL OS,active,Maaji,Colombia,1,1,,,"<p><b>Delivery</b>
<br/>FREE POSTAGE within COLOMBIA for orders over COP $250.000. Orders under COP $250.000 will incur a shipping fee.
Delivery times are dependent on your location but are typically 2-3 working days. Regional areas outside of metro areas, typically add an additional day to delivery estimates.</p>
<br/>
</p><b>Returns</b>
<br/>Returns and exchanges are accepted on merchandise within 30 
days of receipt. The product must be returned in original condition. Worn, washed or otherwise used products will not be accepted. All products must also have the original tags and hygienic protection sticker intact. Original shipping charges will not be refunded unless the return items are deemed defective. Our Returns Policy is in addition to your rights under the Colombian Consumer Law.</p>",<h4>ROLL ME UP</h4>,,"<p>Do not soak, do not iron, do not use soaps with decolorizing</p>","<p>Packable bag in light fabric, ideal for traveling</p>",ROLL ME UP,"Packable bag in light fabric, ideal for traveling",,,,,,SPRING 2018,COLOMBIA,,,,ROLL ME UP,,active,2018,42.02.22.00.00,,
1232xpk01_multicolor_os,Single Level Product Style,1232XPK01 MULTICOLOR OS,active,Maaji,Colombia,1,1,,,"<p><b>Delivery</b>
<br/>FREE POSTAGE within COLOMBIA for orders over COP $250.000. Orders under COP $250.000 will incur a shipping fee.
Delivery times are dependent on your location but are typically 2-3 working days. Regional areas outside of metro areas, typically add an additional day to delivery estimates.</p>
<br/>
</p><b>Returns</b>
<br/>Returns and exchanges are accepted on merchandise within 30 
days of receipt. The product must be returned in original condition. Worn, washed or otherwise used products will not be accepted. All products must also have the original tags and hygienic protection sticker intact. Original shipping charges will not be refunded unless the return items are deemed defective. Our Returns Policy is in addition to your rights under the Colombian Consumer Law.</p>",<h4>ASSORTED DOUBLE POCKET</h4>,,"<p>Do not soak, do not iron, do not use soaps with decolorizing</p>","<p>Cosmetic purse with three pockets, inside transparent plastic, ideal for traveling</p>",ASSORTED DOUBLE POCKET,"Cosmetic purse with three pockets, inside transparent plastic, ideal for traveling",,,,,,SPRING 2018,COLOMBIA,,,,ASSORTED DOUBLE POCKET,,active,2018,42.02.32.00.00,,
1249xvr01_multicolor_os,Single Level Product Style, 1249XVR01 MULTICOLOR OS,active,Maaji,Colombia,1,1,,,"<p><b>Delivery</b>
<br/>FREE POSTAGE within COLOMBIA for orders over COP $250.000. Orders under COP $250.000 will incur a shipping fee.
Delivery times are dependent on your location but are typically 2-3 working days. Regional areas outside of metro areas, typically add an additional day to delivery estimates.</p>
<br/>
</p><b>Returns</b>
<br/>Returns and exchanges are accepted on merchandise within 30 
days of receipt. The product must be returned in original condition. Worn, washed or otherwise used products will not be accepted. All products must also have the original tags and hygienic protection sticker intact. Original shipping charges will not be refunded unless the return items are deemed defective. Our Returns Policy is in addition to your rights under the Colombian Consumer Law.</p>",<h4>DRAWSTRING BAG</h4>,,"<p>Do not soak, do not iron, do not use soaps with decolorizing</p>",<p>Tule with drawstring as straps</p>  ,DRAWSTRING BAG,Tule with drawstring as straps,,,,,,SPRING 2018,COLOMBIA,,,,DRAWSTRING BAG,,active,2018,42.02.92.00.00,,
1233xtw01_azul_os,Single Level Product Style,1233XTW01 AZUL OS,active,Maaji,Colombia,1,1,,,"<p><b>Delivery</b>
<br/>FREE POSTAGE within COLOMBIA for orders over COP $250.000. Orders under COP $250.000 will incur a shipping fee.
Delivery times are dependent on your location but are typically 2-3 working days. Regional areas outside of metro areas, typically add an additional day to delivery estimates.</p>
<br/>
</p><b>Returns</b>
<br/>Returns and exchanges are accepted on merchandise within 30 
days of receipt. The product must be returned in original condition. Worn, washed or otherwise used products will not be accepted. All products must also have the original tags and hygienic protection sticker intact. Original shipping charges will not be refunded unless the return items are deemed defective. Our Returns Policy is in addition to your rights under the Colombian Consumer Law.</p>",<h4>CRYSTAL BLUE BEACH TOWEL</h4>,,"<p>Do not soak, do not iron, do not use soaps with decolorizing</p>",<p>Rectangular duplex towell with pockets and decorative fringes</p>  ,CRYSTAL BLUE BEACH TOWEL,Rectangular duplex towell with pockets and decorative fringes,,,,,,SPRING 2018,COLOMBIA,,,,CRYSTAL BLUE BEACH TOWEL,,active,2018,63.02.93.00.00,,
1244xpk01_multicolor_os,Single Level Product Style,1244XPK01 MULTICOLOR OS,active,Maaji,Colombia,1,1,,,"<p><b>Delivery</b>
<br/>FREE POSTAGE within COLOMBIA for orders over COP $250.000. Orders under COP $250.000 will incur a shipping fee.
Delivery times are dependent on your location but are typically 2-3 working days. Regional areas outside of metro areas, typically add an additional day to delivery estimates.</p>
<br/>
</p><b>Returns</b>
<br/>Returns and exchanges are accepted on merchandise within 30 
days of receipt. The product must be returned in original condition. Worn, washed or otherwise used products will not be accepted. All products must also have the original tags and hygienic protection sticker intact. Original shipping charges will not be refunded unless the return items are deemed defective. Our Returns Policy is in addition to your rights under the Colombian Consumer Law.</p>",<h4>FESTIVAL BIKINI BAG</h4>,,"<p>Do not soak, do not iron, do not use soaps with decolorizing</p>","<p>Two bags pocket kit ideal for packaging, in light fabric</p>  ",FESTIVAL BIKINI BAG,"Two bags pocket kit ideal for packaging, in light fabric",,,,,,SPRING 2018,COLOMBIA,,,,FESTIVAL BIKINI BAG,,active,2018,42.02.12.10.00,,
1242xtr02_azul_os,Single Level Product Style,1242XTR02 AZUL OS,active,Maaji,Colombia,1,1,,,"<p><b>Delivery</b>
<br/>FREE POSTAGE within COLOMBIA for orders over COP $250.000. Orders under COP $250.000 will incur a shipping fee.
Delivery times are dependent on your location but are typically 2-3 working days. Regional areas outside of metro areas, typically add an additional day to delivery estimates.</p>
<br/>
</p><b>Returns</b>
<br/>Returns and exchanges are accepted on merchandise within 30 
days of receipt. The product must be returned in original condition. Worn, washed or otherwise used products will not be accepted. All products must also have the original tags and hygienic protection sticker intact. Original shipping charges will not be refunded unless the return items are deemed defective. Our Returns Policy is in addition to your rights under the Colombian Consumer Law.</p>",<h4>DENIM MAAJICAL TOTE</h4>,,"<p>Do not soak, do not iron, do not use soaps with decolorizing</p>","<p>Denim tote bag with its own fridges made on its fabric, synthetic straps and decorative pom pom. <br/>Inside little pocket with zipper</p>  ",DENIM MAAJICAL TOTE,"Denim tote bag with its own fridges made on its fabric, synthetic straps and decorative pom pom. Inside little pocket with zipper",,,,,,SPRING 2018,COLOMBIA,,,,DENIM MAAJICAL TOTE,,active,2018,42.02.22.00.00,,
1242xtr01_beige_os,Single Level Product Style,1242XTR01 BEIGE OS,active,Maaji,Colombia,1,1,,,"<p><b>Delivery</b>
<br/>FREE POSTAGE within COLOMBIA for orders over COP $250.000. Orders under COP $250.000 will incur a shipping fee.
Delivery times are dependent on your location but are typically 2-3 working days. Regional areas outside of metro areas, typically add an additional day to delivery estimates.</p>
<br/>
</p><b>Returns</b>
<br/>Returns and exchanges are accepted on merchandise within 30 
days of receipt. The product must be returned in original condition. Worn, washed or otherwise used products will not be accepted. All products must also have the original tags and hygienic protection sticker intact. Original shipping charges will not be refunded unless the return items are deemed defective. Our Returns Policy is in addition to your rights under the Colombian Consumer Law.</p>",<h4>CANVAS MAAJICAL TOTE</h4>,,"<p>Do not soak, do not iron, do not use soaps with decolorizing</p>","<p>Canvas tote bag, synthetic straps and decorative pom pom. <br/>Inside little pocket with zipper</p>  ",CANVAS MAAJICAL TOTE,"Canvas tote bag, synthetic straps and decorative pom pom. Inside little pocket with zipper",,,,,,SPRING 2018,COLOMBIA,,,,CANVAS MAAJICAL TOTE,,active,2018,42.02.22.00.00,,
1243xbp01_beige_os,Single Level Product Style, 1243XBP01 BEIGE OS,active,Maaji,Colombia,1,1,,,"<p><b>Delivery</b>
<br/>FREE POSTAGE within COLOMBIA for orders over COP $250.000. Orders under COP $250.000 will incur a shipping fee.
Delivery times are dependent on your location but are typically 2-3 working days. Regional areas outside of metro areas, typically add an additional day to delivery estimates.</p>
<br/>
</p><b>Returns</b>
<br/>Returns and exchanges are accepted on merchandise within 30 
days of receipt. The product must be returned in original condition. Worn, washed or otherwise used products will not be accepted. All products must also have the original tags and hygienic protection sticker intact. Original shipping charges will not be refunded unless the return items are deemed defective. Our Returns Policy is in addition to your rights under the Colombian Consumer Law.</p>",<h4>CANVAS BACKPACK</h4>,,"<p>Do not soak, do not iron, do not use soaps with decolorizing</p>","<p>Medium backpack in canvas, adjustable straps and decorative pompom</p>  ",CANVAS BACKPACK,"Medium backpack in canvas, adjustable straps and decorative pompom",,,,,,SPRING 2018,COLOMBIA,,,,CANVAS BACKPACK,,active,2018,42.02.92.00.00,,
