lv1_code,product_class_name,name,status,brand,attribute.dw_size_code.single_option,attribute.saya_ean.string,attribute.saya_size.single_option
1049TSS04_blue_sm,Size,1049TSS04_blue_sm,active,Maaji,,7702781037499,
1049TSS04_blue_md,Size,1049TSS04_blue_md,active,Maaji,,7702781037505,
1049TSS04_blue_lg,Size,1049TSS04_blue_lg,active,Maaji,,7702781037512,
1049TSS04_blue_xl,Size,1049TSS04_blue_xl,active,Maaji,,7702781037529,
1049TSS03_green_sm,Size,1049TSS03_green_sm,active,Maaji,,7702781038571,
1049TSS03_green_md,Size,1049TSS03_green_md,active,Maaji,,7702781038588,
1049TSS03_green_lg,Size,1049TSS03_green_lg,active,Maaji,,7702781038595,
1049TSS03_green_xl,Size,1049TSS03_green_xl,active,Maaji,,7702781038601,
1049TSS02_red_sm,Size,1049TSS02_red_sm,active,Maaji,,7702781037291,
1049TSS02_red_md,Size,1049TSS02_red_md,active,Maaji,,7702781037307,
1049TSS02_red_lg,Size,1049TSS02_red_lg,active,Maaji,,7702781037314,
1049TSS02_red_xl,Size,1049TSS02_red_xl,active,Maaji,,7702781037321,
1046TSF04_wine_sm,Size,1046TSF04_wine_sm,active,Maaji,,7702781043421,
1046TSF04_wine_md,Size,1046TSF04_wine_md,active,Maaji,,7702781043438,
1046TSF04_wine_lg,Size,1046TSF04_wine_lg,active,Maaji,,7702781043445,
1046TSF04_wine_xl,Size,1046TSF04_wine_xl,active,Maaji,,7702781043452,
1046TSF03_blue_sm,Size,1046TSF03_blue_sm,active,Maaji,,7702781038526,
1046TSF03_blue_md,Size,1046TSF03_blue_md,active,Maaji,,7702781038533,
1046TSF03_blue_lg,Size,1046TSF03_blue_lg,active,Maaji,,7702781038540,
1046TSF03_blue_xl,Size,1046TSF03_blue_xl,active,Maaji,,7702781038557,
1042TRS03_red_sm,Size,1042TRS03_red_sm,active,Maaji,,7702781039226,
1042TRS03_red_md,Size,1042TRS03_red_md,active,Maaji,,7702781039233,
1042TRS03_red_lg,Size,1042TRS03_red_lg,active,Maaji,,7702781039240,
1042TRS03_red_xl,Size,1042TRS03_red_xl,active,Maaji,,7702781039257,
1042TRS02_blue_sm,Size,1042TRS02_blue_sm,active,Maaji,,7702781038977,
1042TRS02_blue_md,Size,1042TRS02_blue_md,active,Maaji,,7702781038984,
1042TRS02_blue_lg,Size,1042TRS02_blue_lg,active,Maaji,,7702781038991,
1042TRS02_blue_xl,Size,1042TRS02_blue_xl,active,Maaji,,7702781039004,
1041TBS03_green_sm,Size,1041TBS03_green_sm,active,Maaji,,7702781038823,
1041TBS03_green_md,Size,1041TBS03_green_md,active,Maaji,,7702781038830,
1041TBS03_green_lg,Size,1041TBS03_green_lg,active,Maaji,,7702781038847,
1041TBS03_green_xl,Size,1041TBS03_green_xl,active,Maaji,,7702781038854,
1041TBS02_red_sm,Size,1041TBS02_red_sm,active,Maaji,,7702781038779,
1041TBS02_red_md,Size,1041TBS02_red_md,active,Maaji,,7702781038786,
1041TBS02_red_lg,Size,1041TBS02_red_lg,active,Maaji,,7702781038793,
1041TBS02_red_xl,Size,1041TBS02_red_xl,active,Maaji,,7702781038809,
1038TSL03_red_sm,Size,1038TSL03_red_sm,active,Maaji,,7702781039523,
1038TSL03_red_md,Size,1038TSL03_red_md,active,Maaji,,7702781039530,
1038TSL03_red_lg,Size,1038TSL03_red_lg,active,Maaji,,7702781039547,
1038TSL03_red_xl,Size,1038TSL03_red_xl,active,Maaji,,7702781039554,
1038TSL02_green_sm,Size,1038TSL02_green_sm,active,Maaji,,7702781039325,
1038TSL02_green_md,Size,1038TSL02_green_md,active,Maaji,,7702781039332,
1038TSL02_green_lg,Size,1038TSL02_green_lg,active,Maaji,,7702781039349,
1038TSL02_green_xl,Size,1038TSL02_green_xl,active,Maaji,,7702781039356,
1372CSH02_white_sm,Size,1372CSH02_white_sm,active,Maaji,,7702781027261,
1372CSH02_white_md,Size,1372CSH02_white_md,active,Maaji,,7702781027278,
1372CSH02_white_lg,Size,1372CSH02_white_lg,active,Maaji,,7702781027285,
1422CSD04_purple_sm,Size,1422CSD04_purple_sm,active,Maaji,,7702781028060,
1422CSD04_purple_md,Size,1422CSD04_purple_md,active,Maaji,,7702781028077,
1422CSD04_purple_lg,Size,1422CSD04_purple_lg,active,Maaji,,7702781028084,
1438CSD05_red_sm,Size,1438CSD05_red_sm,active,Maaji,,7702781030971,
1438CSD05_red_md,Size,1438CSD05_red_md,active,Maaji,,7702781030988,
1438CSD05_red_lg,Size,1438CSD05_red_lg,active,Maaji,,7702781030995,
1442CSH05_purple_sm,Size,1442CSH05_purple_sm,active,Maaji,,7702781027407,
1442CSH05_purple_md,Size,1442CSH05_purple_md,active,Maaji,,7702781027414,
1442CSH05_purple_lg,Size,1442CSH05_purple_lg,active,Maaji,,7702781027421,
1442CSH06_blue_sm,Size,1442CSH06_blue_sm,active,Maaji,,7702781027452,
1442CSH06_blue_md,Size,1442CSH06_blue_md,active,Maaji,,7702781027469,
1442CSH06_blue_lg,Size,1442CSH06_blue_lg,active,Maaji,,7702781027476,
1446CKL01_blue_sm,Size,1446CKL01_blue_sm,active,Maaji,,7702781027506,
1446CKL01_blue_md,Size,1446CKL01_blue_md,active,Maaji,,7702781027513,
1446CKL01_blue_lg,Size,1446CKL01_blue_lg,active,Maaji,,7702781027520,
1461CSD03_blue_sm,Size,1461CSD03_blue_sm,active,Maaji,,7702781030650,
1461CSD03_blue_md,Size,1461CSD03_blue_md,active,Maaji,,7702781030667,
1461CSD03_blue_lg,Size,1461CSD03_blue_lg,active,Maaji,,7702781030674,
1461CSD04_purple_sm,Size,1461CSD04_purple_sm,active,Maaji,,7702781030605,
1461CSD04_purple_md,Size,1461CSD04_purple_md,active,Maaji,,7702781030612,
1461CSD04_purple_lg,Size,1461CSD04_purple_lg,active,Maaji,,7702781030629,
1468CPA03_red_sm,Size,1468CPA03_red_sm,active,Maaji,,7702781031374,
1468CPA03_red_md,Size,1468CPA03_red_md,active,Maaji,,7702781031381,
1468CPA03_red_lg,Size,1468CPA03_red_lg,active,Maaji,,7702781031398,
1469CKS04_purple_sm,Size,1469CKS04_purple_sm,active,Maaji,,7702781032562,
1469CKS04_purple_md,Size,1469CKS04_purple_md,active,Maaji,,7702781032579,
1469CKS04_purple_lg,Size,1469CKS04_purple_lg,active,Maaji,,7702781032586,
1471CSD02_white_sm,Size,1471CSD02_white_sm,active,Maaji,,7702781027315,
1471CSD02_white_md,Size,1471CSD02_white_md,active,Maaji,,7702781027322,
1471CSD02_white_lg,Size,1471CSD02_white_lg,active,Maaji,,7702781027339,
1477CSD03_purple_sm,Size,1477CSD03_purple_sm,active,Maaji,,7702781028114,
1477CSD03_purple_md,Size,1477CSD03_purple_md,active,Maaji,,7702781028121,
1477CSD03_purple_lg,Size,1477CSD03_purple_lg,active,Maaji,,7702781028138,
1502CSD01_red_sm,Size,1502CSD01_red_sm,active,Maaji,,7702781037796,
1502CSD01_red_md,Size,1502CSD01_red_md,active,Maaji,,7702781037802,
1502CSD01_red_lg,Size,1502CSD01_red_lg,active,Maaji,,7702781037819,
1503CSD01_red_sm,Size,1503CSD01_red_sm,active,Maaji,,7702781027162,
1503CSD01_red_md,Size,1503CSD01_red_md,active,Maaji,,7702781027179,
1503CSD01_red_lg,Size,1503CSD01_red_lg,active,Maaji,,7702781027186,
1504CLD01_red_sm,Size,1504CLD01_red_sm,active,Maaji,,7702781027216,
1504CLD01_red_md,Size,1504CLD01_red_md,active,Maaji,,7702781027223,
1504CLD01_red_lg,Size,1504CLD01_red_lg,active,Maaji,,7702781027230,
1506CSD01_green_sm,Size,1506CSD01_green_sm,active,Maaji,,7702781030551,
1506CSD01_green_md,Size,1506CSD01_green_md,active,Maaji,,7702781030568,
1506CSD01_green_lg,Size,1506CSD01_green_lg,active,Maaji,,7702781030575,
1507CKS01_green_sm,Size,1507CKS01_green_sm,active,Maaji,,7702781030926,
1507CKS01_green_md,Size,1507CKS01_green_md,active,Maaji,,7702781030933,
1507CKS01_green_lg,Size,1507CKS01_green_lg,active,Maaji,,7702781030940,
1508CCT01_green_sm,Size,1508CCT01_green_sm,active,Maaji,,7702781035440,
1508CCT01_green_md,Size,1508CCT01_green_md,active,Maaji,,7702781035457,
1508CCT01_green_lg,Size,1508CCT01_green_lg,active,Maaji,,7702781035464,
1509CKL01_white_sm,Size,1509CKL01_white_sm,active,Maaji,,7702781033217,
1509CKL01_white_md,Size,1509CKL01_white_md,active,Maaji,,7702781033224,
1509CKL01_white_lg,Size,1509CKL01_white_lg,active,Maaji,,7702781033231,
1511CRO01_blue_sm,Size,1511CRO01_blue_sm,active,Maaji,,7702781028169,
1511CRO01_blue_md,Size,1511CRO01_blue_md,active,Maaji,,7702781028176,
1511CRO01_blue_lg,Size,1511CRO01_blue_lg,active,Maaji,,7702781028183,
1513CLS01_blue_sm,Size,1513CLS01_blue_sm,active,Maaji,,7702781032081,
1513CLS01_blue_md,Size,1513CLS01_blue_md,active,Maaji,,7702781032098,
1513CLS01_blue_lg,Size,1513CLS01_blue_lg,active,Maaji,,7702781032104,
1514CSD01_blue_sm,Size,1514CSD01_blue_sm,active,Maaji,,7702781032661,
1514CSD01_blue_md,Size,1514CSD01_blue_md,active,Maaji,,7702781032678,
1514CSD01_blue_lg,Size,1514CSD01_blue_lg,active,Maaji,,7702781032685,
1516CCT01_blue_sm,Size,1516CCT01_blue_sm,active,Maaji,,7702781032517,
1516CCT01_blue_md,Size,1516CCT01_blue_md,active,Maaji,,7702781032524,
1516CCT01_blue_lg,Size,1516CCT01_blue_lg,active,Maaji,,7702781032531,
1518CSD01_wine_sm,Size,1518CSD01_wine_sm,active,Maaji,,7702781032289,
1518CSD01_wine_md,Size,1518CSD01_wine_md,active,Maaji,,7702781032296,
1518CSD01_wine_lg,Size,1518CSD01_wine_lg,active,Maaji,,7702781032302,
1519CCT01_purple_sm,Size,1519CCT01_purple_sm,active,Maaji,,7702781033163,
1519CCT01_purple_md,Size,1519CCT01_purple_md,active,Maaji,,7702781033170,
1519CCT01_purple_lg,Size,1519CCT01_purple_lg,active,Maaji,,7702781033187,
2173SFA01_blue_sm,Size,2173SFA01_blue_sm,active,Maaji,,7702781037444,
2173SFA01_blue_md,Size,2173SFA01_blue_md,active,Maaji,,7702781037451,
2173SFA01_blue_lg,Size,2173SFA01_blue_lg,active,Maaji,,7702781037468,
2174SLT01_blue_sm,Size,2174SLT01_blue_sm,active,Maaji,,7702781038922,
2174SLT01_blue_md,Size,2174SLT01_blue_md,active,Maaji,,7702781038939,
2174SLT01_blue_lg,Size,2174SLT01_blue_lg,active,Maaji,,7702781038946,
2174SLT01_blue_xl,Size,2174SLT01_blue_xl,active,Maaji,,7702781038953,
2175SFA01_white_sm,Size,2175SFA01_white_sm,active,Maaji,,7702781036393,
2175SFA01_white_md,Size,2175SFA01_white_md,active,Maaji,,7702781036409,
2175SFA01_white_lg,Size,2175SFA01_white_lg,active,Maaji,,7702781036416,
2175SFA01_white_xl,Size,2175SFA01_white_xl,active,Maaji,,7702781036423,
2176SRA01_black_sm,Size,2176SRA01_black_sm,active,Maaji,,7702781035341,
2176SRA01_black_md,Size,2176SRA01_black_md,active,Maaji,,7702781035358,
2176SRA01_black_lg,Size,2176SRA01_black_lg,active,Maaji,,7702781035365,
2176SRA01_black_xl,Size,2176SRA01_black_xl,active,Maaji,,7702781035372,
2177SFA01_blue_sm,Size,2177SFA01_blue_sm,active,Maaji,,7702781037345,
2177SFA01_blue_md,Size,2177SFA01_blue_md,active,Maaji,,7702781037352,
2177SFA01_blue_lg,Size,2177SFA01_blue_lg,active,Maaji,,7702781037369,
2177SFA01_blue_xl,Size,2177SFA01_blue_xl,active,Maaji,,7702781037376,
2178SUN01_blue_sm,Size,2178SUN01_blue_sm,active,Maaji,,7702781040727,
2178SUN01_blue_md,Size,2178SUN01_blue_md,active,Maaji,,7702781040734,
2178SUN01_blue_lg,Size,2178SUN01_blue_lg,active,Maaji,,7702781040741,
2178SUN01_blue_xl,Size,2178SUN01_blue_xl,active,Maaji,,7702781040758,
2179SSE01_blue_sm,Size,2179SSE01_blue_sm,active,Maaji,,7702781037598,
2179SSE01_blue_md,Size,2179SSE01_blue_md,active,Maaji,,7702781037604,
2179SSE01_blue_lg,Size,2179SSE01_blue_lg,active,Maaji,,7702781037611,
2179SSE01_blue_xl,Size,2179SSE01_blue_xl,active,Maaji,,7702781037628,
2180SFT01_blue_sm,Size,2180SFT01_blue_sm,active,Maaji,,7702781040123,
2180SFT01_blue_md,Size,2180SFT01_blue_md,active,Maaji,,7702781040130,
2180SFT01_blue_lg,Size,2180SFT01_blue_lg,active,Maaji,,7702781040147,
2180SFT01_blue_xl,Size,2180SFT01_blue_xl,active,Maaji,,7702781040154,
2181SBA01_blue_sm,Size,2181SBA01_blue_sm,active,Maaji,,7702781044596,
2181SBA01_blue_md,Size,2181SBA01_blue_md,active,Maaji,,7702781044602,
2181SBA01_blue_lg,Size,2181SBA01_blue_lg,active,Maaji,,7702781044619,
2181SBA01_blue_xl,Size,2181SBA01_blue_xl,active,Maaji,,7702781044626,
2183SCT01_orange_sm,Size,2183SCT01_orange_sm,active,Maaji,,7702781044640,
2183SCT01_orange_md,Size,2183SCT01_orange_md,active,Maaji,,7702781044657,
2183SCT01_orange_lg,Size,2183SCT01_orange_lg,active,Maaji,,7702781044664,
2183SCT01_orange_xl,Size,2183SCT01_orange_xl,active,Maaji,,7702781044671,
2184SBA01_orange_sm,Size,2184SBA01_orange_sm,active,Maaji,,7702781036447,
2184SBA01_orange_md,Size,2184SBA01_orange_md,active,Maaji,,7702781036454,
2184SBA01_orange_lg,Size,2184SBA01_orange_lg,active,Maaji,,7702781036461,
2184SBA01_orange_xl,Size,2184SBA01_orange_xl,active,Maaji,,7702781036478,
2186SSP01_orange_sm,Size,2186SSP01_orange_sm,active,Maaji,,7702781038298,
2186SSP01_orange_md,Size,2186SSP01_orange_md,active,Maaji,,7702781038304,
2186SSP01_orange_lg,Size,2186SSP01_orange_lg,active,Maaji,,7702781038311,
3011SHN01_pink_sm,Size,3011SHN01_pink_sm,active,Maaji,,7702781039271,
3011SHN01_pink_md,Size,3011SHN01_pink_md,active,Maaji,,7702781039288,
3011SHN01_pink_lg,Size,3011SHN01_pink_lg,active,Maaji,,7702781039295,
3011SHN01_pink_xl,Size,3011SHN01_pink_xl,active,Maaji,,7702781039301,
3012SFH05_blue_sm,Size,3012SFH05_blue_sm,active,Maaji,,7702781039929,
3012SFH05_blue_md,Size,3012SFH05_blue_md,active,Maaji,,7702781039936,
3012SFH05_blue_lg,Size,3012SFH05_blue_lg,active,Maaji,,7702781039943,
3042SFH02_red_sm,Size,3042SFH02_red_sm,active,Maaji,,7702781031275,
3042SFH02_red_md,Size,3042SFH02_red_md,active,Maaji,,7702781031282,
3042SFH02_red_lg,Size,3042SFH02_red_lg,active,Maaji,,7702781031299,
3042SFH02_red_xl,Size,3042SFH02_red_xl,active,Maaji,,7702781031305,
3042SFH03_purple_sm,Size,3042SFH03_purple_sm,active,Maaji,,7702781031787,
3042SFH03_purple_md,Size,3042SFH03_purple_md,active,Maaji,,7702781031794,
3042SFH03_purple_lg,Size,3042SFH03_purple_lg,active,Maaji,,7702781031800,
3042SFH03_purple_xl,Size,3042SFH03_purple_xl,active,Maaji,,7702781031817,
3045SFT04_pink_sm,Size,3045SFT04_pink_sm,active,Maaji,,7702781031930,
3045SFT04_pink_md,Size,3045SFT04_pink_md,active,Maaji,,7702781031947,
3045SFT04_pink_lg,Size,3045SFT04_pink_lg,active,Maaji,,7702781031954,
3045SFT04_pink_xl,Size,3045SFT04_pink_xl,active,Maaji,,7702781031961,
3048SUN04_blue_sm,Size,3048SUN04_blue_sm,active,Maaji,,7702781040024,
3048SUN04_blue_md,Size,3048SUN04_blue_md,active,Maaji,,7702781040031,
3048SUN04_blue_lg,Size,3048SUN04_blue_lg,active,Maaji,,7702781040048,
3048SUN04_blue_xl,Size,3048SUN04_blue_xl,active,Maaji,,7702781040055,
3053SFA05_blue_sm,Size,3053SFA05_blue_sm,active,Maaji,,7702781040420,
3053SFA05_blue_md,Size,3053SFA05_blue_md,active,Maaji,,7702781040437,
3053SFA05_blue_lg,Size,3053SFA05_blue_lg,active,Maaji,,7702781040444,
3053SFA05_blue_xl,Size,3053SFA05_blue_xl,active,Maaji,,7702781040451,
3054SFA03_blue_sm,Size,3054SFA03_blue_sm,active,Maaji,,7702781037642,
3054SFA03_blue_md,Size,3054SFA03_blue_md,active,Maaji,,7702781037659,
3054SFA03_blue_lg,Size,3054SFA03_blue_lg,active,Maaji,,7702781037666,
3054SFA03_blue_xl,Size,3054SFA03_blue_xl,active,Maaji,,7702781037673,
3063SBR01_white_sm,Size,3063SBR01_white_sm,active,Maaji,,7702781036744,
3063SBR01_white_md,Size,3063SBR01_white_md,active,Maaji,,7702781036751,
3063SBR01_white_lg,Size,3063SBR01_white_lg,active,Maaji,,7702781036768,
3063SBR01_white_xl,Size,3063SBR01_white_xl,active,Maaji,,7702781036775,
3063SBR02_orange_sm,Size,3063SBR02_orange_sm,active,Maaji,,7702781036591,
3063SBR02_orange_md,Size,3063SBR02_orange_md,active,Maaji,,7702781036607,
3063SBR02_orange_lg,Size,3063SBR02_orange_lg,active,Maaji,,7702781036614,
3066SUN01_black_sm,Size,3066SUN01_black_sm,active,Maaji,,7702781038670,
3066SUN01_black_md,Size,3066SUN01_black_md,active,Maaji,,7702781038687,
3066SUN01_black_lg,Size,3066SUN01_black_lg,active,Maaji,,7702781038694,
3066SUN01_black_xl,Size,3066SUN01_black_xl,active,Maaji,,7702781038700,
3068SSP01_black_sm,Size,3068SSP01_black_sm,active,Maaji,,7702781031220,
3068SSP01_black_md,Size,3068SSP01_black_md,active,Maaji,,7702781031237,
3068SSP01_black_lg,Size,3068SSP01_black_lg,active,Maaji,,7702781031244,
3068SSP01_black_xl,Size,3068SSP01_black_xl,active,Maaji,,7702781031251,
3068SSP02_orange_sm,Size,3068SSP02_orange_sm,active,Maaji,,7702781031633,
3068SSP02_orange_md,Size,3068SSP02_orange_md,active,Maaji,,7702781031640,
3068SSP02_orange_lg,Size,3068SSP02_orange_lg,active,Maaji,,7702781031657,
3068SSP02_orange_xl,Size,3068SSP02_orange_xl,active,Maaji,,7702781031664,
3069SSE01_orange_sm,Size,3069SSE01_orange_sm,active,Maaji,,7702781031633,
3069SSE01_orange_md,Size,3069SSE01_orange_md,active,Maaji,,7702781031640,
3069SSE01_orange_lg,Size,3069SSE01_orange_lg,active,Maaji,,7702781031657,
3069SSE01_orange_xl,Size,3069SSE01_orange_xl,active,Maaji,,7702781031664,
3070SBR01_purple_sm,Size,3070SBR01_purple_sm,active,Maaji,,7702781032913,
3070SBR01_purple_md,Size,3070SBR01_purple_md,active,Maaji,,7702781032920,
3070SBR01_purple_lg,Size,3070SBR01_purple_lg,active,Maaji,,7702781032937,
3070SBR01_purple_xl,Size,3070SBR01_purple_xl,active,Maaji,,7702781032944,
1520SFH03_brown_sm,Size,1520SFH03_brown_sm,active,Maaji,,7702781031329,
1520SFH03_brown_md,Size,1520SFH03_brown_md,active,Maaji,,7702781031336,
1520SFH03_brown_lg,Size,1520SFH03_brown_lg,active,Maaji,,7702781031343,
1520SFH03_brown_xl,Size,1520SFH03_brown_xl,active,Maaji,,7702781031350,
1932SFT04_black_sm,Size,1932SFT04_black_sm,active,Maaji,,7702781033972,
1932SFT04_black_md,Size,1932SFT04_black_md,active,Maaji,,7702781033989,
1932SFT04_black_lg,Size,1932SFT04_black_lg,active,Maaji,,7702781033996,
1932SFT04_black_xl,Size,1932SFT04_black_xl,active,Maaji,,7702781034009,
1932SFT05_orange_sm,Size,1932SFT05_orange_sm,active,Maaji,,7702781033774,
1932SFT05_orange_md,Size,1932SFT05_orange_md,active,Maaji,,7702781033781,
1932SFT05_orange_lg,Size,1932SFT05_orange_lg,active,Maaji,,7702781033798,
1932SFT05_orange_xl,Size,1932SFT05_orange_xl,active,Maaji,,7702781033804,
2021SFA04_orange_sm,Size,2021SFA04_orange_sm,active,Maaji,,7702781036348,
2021SFA04_orange_md,Size,2021SFA04_orange_md,active,Maaji,,7702781036355,
2021SFA04_orange_lg,Size,2021SFA04_orange_lg,active,Maaji,,7702781036362,
2033SUN04_black_sm,Size,2033SUN04_black_sm,active,Maaji,,7702781040673,
2033SUN04_black_md,Size,2033SUN04_black_md,active,Maaji,,7702781040680,
2033SUN04_black_lg,Size,2033SUN04_black_lg,active,Maaji,,7702781040697,
2047SHN03_red_sm,Size,2047SHN03_red_sm,active,Maaji,,7702781033064,
2047SHN03_red_md,Size,2047SHN03_red_md,active,Maaji,,7702781033071,
2047SHN03_red_lg,Size,2047SHN03_red_lg,active,Maaji,,7702781033088,
2047SHN03_red_xl,Size,2047SHN03_red_xl,active,Maaji,,7702781033095,
2050SSE01_black_sm,Size,2050SSE01_black_sm,active,Maaji,,7702781034023,
2050SSE01_black_md,Size,2050SSE01_black_md,active,Maaji,,7702781034030,
2050SSE01_black_lg,Size,2050SSE01_black_lg,active,Maaji,,7702781034047,
2050SSE01_black_xl,Size,2050SSE01_black_xl,active,Maaji,,7702781034054,
2112SFA02_blue_sm,Size,2112SFA02_blue_sm,active,Maaji,,7702781037543,
2112SFA02_blue_md,Size,2112SFA02_blue_md,active,Maaji,,7702781037550,
2112SFA02_blue_lg,Size,2112SFA02_blue_lg,active,Maaji,,7702781037567,
2112SFA02_blue_xl,Size,2112SFA02_blue_xl,active,Maaji,,7702781037574,
2131SUN02_red_sm,Size,2131SUN02_red_sm,active,Maaji,,7702781039479,
2131SUN02_red_md,Size,2131SUN02_red_md,active,Maaji,,7702781039486,
2131SUN02_red_lg,Size,2131SUN02_red_lg,active,Maaji,,7702781039493,
2131SUN02_red_xl,Size,2131SUN02_red_xl,active,Maaji,,7702781039509,
2131SUN03_orange_sm,Size,2131SUN03_orange_sm,active,Maaji,,7702781039424,
2131SUN03_orange_md,Size,2131SUN03_orange_md,active,Maaji,,7702781039431,
2131SUN03_orange_lg,Size,2131SUN03_orange_lg,active,Maaji,,7702781039448,
2131SUN03_orange_xl,Size,2131SUN03_orange_xl,active,Maaji,,7702781039455,
2153SUN02_pink_sm,Size,2153SUN02_pink_sm,active,Maaji,,7702781038144,
2153SUN02_pink_md,Size,2153SUN02_pink_md,active,Maaji,,7702781038151,
2153SUN02_pink_lg,Size,2153SUN02_pink_lg,active,Maaji,,7702781038168,
2153SUN02_pink_xl,Size,2153SUN02_pink_xl,active,Maaji,,7702781038175,
2161SFA02_blue_sm,Size,2161SFA02_blue_sm,active,Maaji,,7702781033392,
2161SFA02_blue_md,Size,2161SFA02_blue_md,active,Maaji,,7702781033408,
2161SFA02_blue_lg,Size,2161SFA02_blue_lg,active,Maaji,,7702781033415,
2161SFA02_blue_xl,Size,2161SFA02_blue_xl,active,Maaji,,7702781033422,
2162SFA02_blue_sm,Size,2162SFA02_blue_sm,active,Maaji,,7702781037390,
2162SFA02_blue_md,Size,2162SFA02_blue_md,active,Maaji,,7702781037406,
2162SFA02_blue_lg,Size,2162SFA02_blue_lg,active,Maaji,,7702781037413,
2162SFA02_blue_xl,Size,2162SFA02_blue_xl,active,Maaji,,7702781037420,
2164SRA02_blue_sm,Size,2164SRA02_blue_sm,active,Maaji,,7702781040321,
2164SRA02_blue_md,Size,2164SRA02_blue_md,active,Maaji,,7702781040338,
2164SRA02_blue_lg,Size,2164SRA02_blue_lg,active,Maaji,,7702781040345,
2164SRA02_blue_xl,Size,2164SRA02_blue_xl,active,Maaji,,7702781040352,
2167SFT01_red_sm,Size,2167SFT01_red_sm,active,Maaji,,7702781032968,
2167SFT01_red_md,Size,2167SFT01_red_md,active,Maaji,,7702781032975,
2167SFT01_red_lg,Size,2167SFT01_red_lg,active,Maaji,,7702781032982,
2167SFT01_red_xl,Size,2167SFT01_red_xl,active,Maaji,,7702781032999,
2169SBA01_red_sm,Size,2169SBA01_red_sm,active,Maaji,,7702781035792,
2169SBA01_red_md,Size,2169SBA01_red_md,active,Maaji,,7702781035808,
2169SBA01_red_lg,Size,2169SBA01_red_lg,active,Maaji,,7702781035815,
2169SBA01_red_xl,Size,2169SBA01_red_xl,active,Maaji,,7702781035822,
2170SSE01_red_sm,Size,2170SSE01_red_sm,active,Maaji,,7702781033118,
2170SSE01_red_md,Size,2170SSE01_red_md,active,Maaji,,7702781033125,
2170SSE01_red_lg,Size,2170SSE01_red_lg,active,Maaji,,7702781033132,
2170SSE01_red_xl,Size,2170SSE01_red_xl,active,Maaji,,7702781033149,
2171SFH01_brown_sm,Size,2171SFH01_brown_sm,active,Maaji,,7702781036492,
2171SFH01_brown_md,Size,2171SFH01_brown_md,active,Maaji,,7702781036508,
2171SFH01_brown_lg,Size,2171SFH01_brown_lg,active,Maaji,,7702781036515,
2171SFH01_brown_xl,Size,2171SFH01_brown_xl,active,Maaji,,7702781036522,
3047SFH03_red_sm,Size,3047SFH03_red_sm,active,Maaji,,7702781036690,
3047SFH03_red_md,Size,3047SFH03_red_md,active,Maaji,,7702781036706,
3047SFH03_red_lg,Size,3047SFH03_red_lg,active,Maaji,,7702781036713,
3047SFH03_red_xl,Size,3047SFH03_red_xl,active,Maaji,,7702781036720,
3059SFT02_red_sm,Size,3059SFT02_red_sm,active,Maaji,,7702781032135,
3059SFT02_red_md,Size,3059SFT02_red_md,active,Maaji,,7702781032142,
3059SFT02_red_lg,Size,3059SFT02_red_lg,active,Maaji,,7702781032159,
3059SFT02_red_xl,Size,3059SFT02_red_xl,active,Maaji,,7702781032166,
3060SFA03_brown_sm,Size,3060SFA03_brown_sm,active,Maaji,,7702781036249,
3060SFA03_brown_md,Size,3060SFA03_brown_md,active,Maaji,,7702781036256,
3060SFA03_brown_lg,Size,3060SFA03_brown_lg,active,Maaji,,7702781036263,
3060SFA03_brown_xl,Size,3060SFA03_brown_xl,active,Maaji,,7702781036270,
3061SSP01_brown_sm,Size,3061SSP01_brown_sm,active,Maaji,,7702781036294,
3061SSP01_brown_md,Size,3061SSP01_brown_md,active,Maaji,,7702781036300,
3061SSP01_brown_lg,Size,3061SSP01_brown_lg,active,Maaji,,7702781036317,
3061SSP01_brown_xl,Size,3061SSP01_brown_xl,active,Maaji,,7702781036324,
3062SBA01_red_sm,Size,3062SBA01_red_sm,active,Maaji,,7702781039127,
3062SBA01_red_md,Size,3062SBA01_red_md,active,Maaji,,7702781039134,
3062SBA01_red_lg,Size,3062SBA01_red_lg,active,Maaji,,7702781039141,
3062SBA01_red_xl,Size,3062SBA01_red_xl,active,Maaji,,7702781039158,
1483CCT02_red_sm,Size,1483CCT02_red_sm,active,Maaji,,7702781029890,
1483CCT02_red_md,Size,1483CCT02_red_md,active,Maaji,,7702781029906,
1483CCT02_red_lg,Size,1483CCT02_red_lg,active,Maaji,,7702781029913,
1483CCT02_red_xl,Size,1483CCT02_red_xl,active,Maaji,,7702781029920,
9086KST02_green_2_3k,Size,9086KST02_green_2_3k,active,Maaji,,7702781037680,
9086KST02_green_4_6k,Size,9086KST02_green_4_6k,active,Maaji,,7702781037697,
9086KST02_green_8_10k,Size,9086KST02_green_8_10k,active,Maaji,,7702781037703,
9086KST02_green_12_14k,Size,9086KST02_green_12_14k,active,Maaji,,7702781037710,
9086KST02_green_16_18k,Size,9086KST02_green_16_18k,active,Maaji,,7702781037727,
9086KST03_blue_2_3k,Size,9086KST03_blue_2_3k,active,Maaji,,7702781037734,
9086KST03_blue_4_6k,Size,9086KST03_blue_4_6k,active,Maaji,,7702781037741,
9086KST03_blue_8_10k,Size,9086KST03_blue_8_10k,active,Maaji,,7702781037758,
9086KST03_blue_12_14k,Size,9086KST03_blue_12_14k,active,Maaji,,7702781037765,
9086KST03_blue_16_18k,Size,9086KST03_blue_16_18k,active,Maaji,,7702781037772,
9088KST02_red_2_3k,Size,9088KST02_red_2_3k,active,Maaji,,7702781038083,
9088KST02_red_4_6k,Size,9088KST02_red_4_6k,active,Maaji,,7702781038090,
9088KST02_red_8_10k,Size,9088KST02_red_8_10k,active,Maaji,,7702781038106,
9088KST02_red_12_14k,Size,9088KST02_red_12_14k,active,Maaji,,7702781038113,
9088KST02_red_16_18K,Size,9088KST02_red_16_18K,active,Maaji,,7702781038120,
9088KST03_blue_2_3k,Size,9088KST03_blue_2_3k,active,Maaji,,7702781038182,
9088KST03_blue_4_6k,Size,9088KST03_blue_4_6k,active,Maaji,,7702781038199,
9088KST03_blue_8_10k,Size,9088KST03_blue_8_10k,active,Maaji,,7702781038205,
9088KST03_blue_12_14k,Size,9088KST03_blue_12_14k,active,Maaji,,7702781038212,
9088KST03_blue_16_18k,Size,9088KST03_blue_16_18k,active,Maaji,,7702781038229,
3083KKB03_red_2k,Size,3083KKB03_red_2k,active,Maaji,,7702781040925,
3083KKB03_red_4k,Size,3083KKB03_red_4k,active,Maaji,,7702781040932,
3083KKB03_red_6k,Size,3083KKB03_red_6k,active,Maaji,,7702781040949,
3083KKB03_red_8k,Size,3083KKB03_red_8k,active,Maaji,,7702781040956,
3083KKB03_red_10k,Size,3083KKB03_red_10k,active,Maaji,,7702781040963,
3083KKB03_red_12k,Size,3083KKB03_red_12k,active,Maaji,,7702781040970,
3083KKB03_red_14k,Size,3083KKB03_red_14k,active,Maaji,,7702781040987,
3083KKB03_red_16k,Size,3083KKB03_red_16k,active,Maaji,,7702781040994,
3090KKB02_red_2k,Size,3090KKB02_red_2k,active,Maaji,,7702781041007,
3090KKB02_red_4k,Size,3090KKB02_red_4k,active,Maaji,,7702781041014,
3090KKB02_red_6k,Size,3090KKB02_red_6k,active,Maaji,,7702781041021,
3090KKB02_red_8k,Size,3090KKB02_red_8k,active,Maaji,,7702781041038,
3090KKB02_red_10k,Size,3090KKB02_red_10k,active,Maaji,,7702781041045,
3090KKB02_red_12k,Size,3090KKB02_red_12k,active,Maaji,,7702781041052,
3090KKB02_red_14k,Size,3090KKB02_red_14k,active,Maaji,,7702781041069,
3090KKB02_red_16k,Size,3090KKB02_red_16k,active,Maaji,,7702781041076,
3080KKB03_blue_2k,Size,3080KKB03_blue_2k,active,Maaji,,7702781042509,
3080KKB03_blue_4k,Size,3080KKB03_blue_4k,active,Maaji,,7702781042516,
3080KKB03_blue_6k,Size,3080KKB03_blue_6k,active,Maaji,,7702781042523,
3080KKB03_blue_8k,Size,3080KKB03_blue_8k,active,Maaji,,7702781042530,
3080KKB03_blue_10k,Size,3080KKB03_blue_10k,active,Maaji,,7702781042547,
3080KKB03_blue_12k,Size,3080KKB03_blue_12k,active,Maaji,,7702781042554,
3080KKB03_blue_14k,Size,3080KKB03_blue_14k,active,Maaji,,7702781042561,
3080KKB03_blue_16k,Size,3080KKB03_blue_16k,active,Maaji,,7702781042578,
3094KKO01_red_2k,Size,3094KKO01_red_2k,active,Maaji,,7702781040765,
3094KKO01_red_4k,Size,3094KKO01_red_4k,active,Maaji,,7702781040772,
3094KKO01_red_6k,Size,3094KKO01_red_6k,active,Maaji,,7702781040789,
3094KKO01_red_8k,Size,3094KKO01_red_8k,active,Maaji,,7702781040796,
3094KKO01_red_10k,Size,3094KKO01_red_10k,active,Maaji,,7702781040802,
3094KKO01_red_12k,Size,3094KKO01_red_12k,active,Maaji,,7702781040819,
3094KKO01_red_14k,Size,3094KKO01_red_14k,active,Maaji,,7702781040826,
3094KKO01_red_16k,Size,3094KKO01_red_16k,active,Maaji,,7702781040833,
3102KKB01_red_2k,Size,3102KKB01_red_2k,active,Maaji,,7702781040840,
3102KKB01_red_4k,Size,3102KKB01_red_4k,active,Maaji,,7702781040857,
3102KKB01_red_6k,Size,3102KKB01_red_6k,active,Maaji,,7702781040864,
3102KKB01_red_8k,Size,3102KKB01_red_8k,active,Maaji,,7702781040871,
3102KKB01_red_10k,Size,3102KKB01_red_10k,active,Maaji,,7702781040888,
3102KKB01_red_12k,Size,3102KKB01_red_12k,active,Maaji,,7702781040895,
3102KKB01_red_14k,Size,3102KKB01_red_14k,active,Maaji,,7702781040901,
3102KKB01_red_16k,Size,3102KKB01_red_16k,active,Maaji,,7702781040918,
3095KKS01_red_2k,Size,3095KKS01_red_2k,active,Maaji,,7702781043322,
3095KKS01_red_4k,Size,3095KKS01_red_4k,active,Maaji,,7702781043339,
3095KKS01_red_6k,Size,3095KKS01_red_6k,active,Maaji,,7702781043346,
3095KKS01_red_8k,Size,3095KKS01_red_8k,active,Maaji,,7702781043353,
3095KKS01_red_10k,Size,3095KKS01_red_10k,active,Maaji,,7702781043360,
3095KKS01_red_12k,Size,3095KKS01_red_12k,active,Maaji,,7702781043377,
3095KKS01_red_14k,Size,3095KKS01_red_14k,active,Maaji,,7702781043384,
3095KKS01_red_16k,Size,3095KKS01_red_16k,active,Maaji,,7702781043391,
1689KKC02_pink_2k,Size,1689KKC02_pink_2k,active,Maaji,,7702781033583,
1689KKC02_pink_4k,Size,1689KKC02_pink_4k,active,Maaji,,7702781033590,
1689KKC02_pink_6k,Size,1689KKC02_pink_6k,active,Maaji,,7702781033606,
1689KKC02_pink_8k,Size,1689KKC02_pink_8k,active,Maaji,,7702781033613,
1689KKC02_pink_10k,Size,1689KKC02_pink_10k,active,Maaji,,7702781033620,
1689KKC02_pink_12k,Size,1689KKC02_pink_12k,active,Maaji,,7702781033637,
1689KKC02_pink_14k,Size,1689KKC02_pink_14k,active,Maaji,,7702781033644,
1689KKC02_pink_16k,Size,1689KKC02_pink_16k,active,Maaji,,7702781033651,
1692KKC02_pink_2k,Size,1692KKC02_pink_2k,active,Maaji,,7702781034443,
1692KKC02_pink_4k,Size,1692KKC02_pink_4k,active,Maaji,,7702781034450,
1692KKC02_pink_6k,Size,1692KKC02_pink_6k,active,Maaji,,7702781034467,
1692KKC02_pink_8k,Size,1692KKC02_pink_8k,active,Maaji,,7702781034474,
1692KKC02_pink_10k,Size,1692KKC02_pink_10k,active,Maaji,,7702781034481,
1692KKC02_pink_12k,Size,1692KKC02_pink_12k,active,Maaji,,7702781034498,
1692KKC02_pink_14k,Size,1692KKC02_pink_14k,active,Maaji,,7702781034504,
1692KKC02_pink_16k,Size,1692KKC02_pink_16k,active,Maaji,,7702781034511,
3101KKB01_black_2k,Size,3101KKB01_black_2k,active,Maaji,,7702781041526,
3101KKB01_black_4k,Size,3101KKB01_black_4k,active,Maaji,,7702781041533,
3101KKB01_black_6k,Size,3101KKB01_black_6k,active,Maaji,,7702781041540,
3101KKB01_black_8k,Size,3101KKB01_black_8k,active,Maaji,,7702781041557,
3101KKB01_black_10k,Size,3101KKB01_black_10k,active,Maaji,,7702781041564,
3101KKB01_black_12k,Size,3101KKB01_black_12k,active,Maaji,,7702781041571,
3101KKB01_black_14k,Size,3101KKB01_black_14k,active,Maaji,,7702781041588,
3101KKB01_black_16k,Size,3101KKB01_black_16k,active,Maaji,,7702781041595,
3096KKB01_black_2k,Size,3096KKB01_black_2k,active,Maaji,,7702781041700,
3096KKB01_black_4k,Size,3096KKB01_black_4k,active,Maaji,,7702781041717,
3096KKB01_black_6k,Size,3096KKB01_black_6k,active,Maaji,,7702781041724,
3096KKB01_black_8k,Size,3096KKB01_black_8k,active,Maaji,,7702781041731,
3096KKB01_black_10k,Size,3096KKB01_black_10k,active,Maaji,,7702781041748,
3096KKB01_black_12k,Size,3096KKB01_black_12k,active,Maaji,,7702781041755,
3096KKB01_black_14k,Size,3096KKB01_black_14k,active,Maaji,,7702781041762,
3096KKB01_black_16k,Size,3096KKB01_black_16k,active,Maaji,,7702781041779,
3088KKB02_black_2k,Size,3088KKB02_black_2k,active,Maaji,,7702781041083,
3088KKB02_black_4k,Size,3088KKB02_black_4k,active,Maaji,,7702781041090,
3088KKB02_black_6k,Size,3088KKB02_black_6k,active,Maaji,,7702781041106,
3088KKB02_black_8k,Size,3088KKB02_black_8k,active,Maaji,,7702781041113,
3088KKB02_black_10k,Size,3088KKB02_black_10k,active,Maaji,,7702781041120,
3088KKB02_black_12k,Size,3088KKB02_black_12k,active,Maaji,,7702781041137,
3088KKB02_black_14k,Size,3088KKB02_black_14k,active,Maaji,,7702781041144,
3088KKB02_black_16k,Size,3088KKB02_black_16k,active,Maaji,,7702781041151,
3097KKR01_black_2k,Size,3097KKR01_black_2k,active,Maaji,,7702781041243,
3097KKR01_black_4k,Size,3097KKR01_black_4k,active,Maaji,,7702781041250,
3097KKR01_black_6k,Size,3097KKR01_black_6k,active,Maaji,,7702781041267,
3097KKR01_black_8k,Size,3097KKR01_black_8k,active,Maaji,,7702781041274,
3097KKR01_black_10k,Size,3097KKR01_black_10k,active,Maaji,,7702781041281,
3097KKR01_black_12k,Size,3097KKR01_black_12k,active,Maaji,,7702781041298,
3097KKR01_black_14k,Size,3097KKR01_black_14k,active,Maaji,,7702781041304,
3097KKR01_black_16k,Size,3097KKR01_black_16k,active,Maaji,,7702781041311,
3091KKO02_black_2k,Size,3091KKO02_black_2k,active,Maaji,,7702781041168,
3091KKO02_black_4k,Size,3091KKO02_black_4k,active,Maaji,,7702781041175,
3091KKO02_black_6k,Size,3091KKO02_black_6k,active,Maaji,,7702781041182,
3091KKO02_black_8k,Size,3091KKO02_black_8k,active,Maaji,,7702781041199,
3091KKO02_black_10k,Size,3091KKO02_black_10k,active,Maaji,,7702781041205,
3091KKO02_black_12k,Size,3091KKO02_black_12k,active,Maaji,,7702781041212,
3091KKO02_black_14k,Size,3091KKO02_black_14k,active,Maaji,,7702781041229,
3091KKO02_black_16k,Size,3091KKO02_black_16k,active,Maaji,,7702781041236,
1688KKC03_blue_2k,Size,1688KKC03_blue_2k,active,Maaji,,7702781034115,
1688KKC03_blue_4k,Size,1688KKC03_blue_4k,active,Maaji,,7702781034122,
1688KKC03_blue_6k,Size,1688KKC03_blue_6k,active,Maaji,,7702781034139,
1688KKC03_blue_8k,Size,1688KKC03_blue_8k,active,Maaji,,7702781034146,
1688KKC03_blue_10k,Size,1688KKC03_blue_10k,active,Maaji,,7702781034153,
1688KKC03_blue_12k,Size,1688KKC03_blue_12k,active,Maaji,,7702781034160,
1688KKC03_blue_14k,Size,1688KKC03_blue_14k,active,Maaji,,7702781034177,
1688KKC03_blue_16k,Size,1688KKC03_blue_16k,active,Maaji,,7702781034184,
1694KKC02_blue_2k,Size,1694KKC02_blue_2k,active,Maaji,,7702781038335,
1694KKC02_blue_4k,Size,1694KKC02_blue_4k,active,Maaji,,7702781038342,
1694KKC02_blue_6k,Size,1694KKC02_blue_6k,active,Maaji,,7702781038359,
1694KKC02_blue_8k,Size,1694KKC02_blue_8k,active,Maaji,,7702781038366,
1694KKC02_blue_10k,Size,1694KKC02_blue_10k,active,Maaji,,7702781038373,
1694KKC02_blue_12k,Size,1694KKC02_blue_12k,active,Maaji,,7702781038380,
1694KKC02_blue_14k,Size,1694KKC02_blue_14k,active,Maaji,,7702781038397,
1694KKC02_blue_16k,Size,1694KKC02_blue_16k,active,Maaji,,7702781038403,
3081KKB02_blue_2k,Size,3081KKB02_blue_2k,active,Maaji,,7702781042189,
3081KKB02_blue_4k,Size,3081KKB02_blue_4k,active,Maaji,,7702781042196,
3081KKB02_blue_6k,Size,3081KKB02_blue_6k,active,Maaji,,7702781042202,
3081KKB02_blue_8k,Size,3081KKB02_blue_8k,active,Maaji,,7702781042219,
3081KKB02_blue_10k,Size,3081KKB02_blue_10k,active,Maaji,,7702781042226,
3081KKB02_blue_12k,Size,3081KKB02_blue_12k,active,Maaji,,7702781042233,
3081KKB02_blue_14k,Size,3081KKB02_blue_14k,active,Maaji,,7702781042240,
3081KKB02_blue_16k,Size,3081KKB02_blue_16k,active,Maaji,,7702781042257,
3053KKB02_blue_2k,Size,3053KKB02_blue_2k,active,Maaji,,7702781042424,
3053KKB02_blue_4k,Size,3053KKB02_blue_4k,active,Maaji,,7702781042431,
3053KKB02_blue_6k,Size,3053KKB02_blue_6k,active,Maaji,,7702781042448,
3053KKB02_blue_8k,Size,3053KKB02_blue_8k,active,Maaji,,7702781042455,
3053KKB02_blue_10k,Size,3053KKB02_blue_10k,active,Maaji,,7702781042462,
3053KKB02_blue_12k,Size,3053KKB02_blue_12k,active,Maaji,,7702781042479,
3053KKB02_blue_14k,Size,3053KKB02_blue_14k,active,Maaji,,7702781042486,
3053KKB02_blue_16k,Size,3053KKB02_blue_16k,active,Maaji,,7702781042493,
3051KKB04_blue_2k,Size,3051KKB04_blue_2k,active,Maaji,,7702781042349,
3051KKB04_blue_4k,Size,3051KKB04_blue_4k,active,Maaji,,7702781042356,
3051KKB04_blue_6k,Size,3051KKB04_blue_6k,active,Maaji,,7702781042363,
3051KKB04_blue_8k,Size,3051KKB04_blue_8k,active,Maaji,,7702781042370,
3051KKB04_blue_10k,Size,3051KKB04_blue_10k,active,Maaji,,7702781042387,
3051KKB04_blue_12k,Size,3051KKB04_blue_12k,active,Maaji,,7702781042394,
3051KKB04_blue_14k,Size,3051KKB04_blue_14k,active,Maaji,,7702781042400,
3051KKB04_blue_16k,Size,3051KKB04_blue_16k,active,Maaji,,7702781042417,
3084KKO02_blue_2k,Size,3084KKO02_blue_2k,active,Maaji,,7702781043063,
3084KKO02_blue_4k,Size,3084KKO02_blue_4k,active,Maaji,,7702781043070,
3084KKO02_blue_6k,Size,3084KKO02_blue_6k,active,Maaji,,7702781043087,
3084KKO02_blue_8k,Size,3084KKO02_blue_8k,active,Maaji,,7702781043094,
3084KKO02_blue_10k,Size,3084KKO02_blue_10k,active,Maaji,,7702781043100,
3084KKO02_blue_12k,Size,3084KKO02_blue_12k,active,Maaji,,7702781043117,
3084KKO02_blue_14k,Size,3084KKO02_blue_14k,active,Maaji,,7702781043124,
3084KKO02_blue_16k,Size,3084KKO02_blue_16k,active,Maaji,,7702781043131,
3098KKR01_blue_2k,Size,3098KKR01_blue_2k,active,Maaji,,7702781042585,
3098KKR01_blue_4k,Size,3098KKR01_blue_4k,active,Maaji,,7702781042592,
3098KKR01_blue_6k,Size,3098KKR01_blue_6k,active,Maaji,,7702781042608,
3098KKR01_blue_8k,Size,3098KKR01_blue_8k,active,Maaji,,7702781042615,
3098KKR01_blue_10k,Size,3098KKR01_blue_10k,active,Maaji,,7702781042622,
3098KKR01_blue_12k,Size,3098KKR01_blue_12k,active,Maaji,,7702781042639,
3098KKR01_blue_14k,Size,3098KKR01_blue_14k,active,Maaji,,7702781042646,
3098KKR01_blue_16k,Size,3098KKR01_blue_16k,active,Maaji,,7702781042653,
1690KKC02_blue_2k,Size,1690KKC02_blue_2k,active,Maaji,,7702781034771,
1690KKC02_blue_4k,Size,1690KKC02_blue_4k,active,Maaji,,7702781034788,
1690KKC02_blue_6k,Size,1690KKC02_blue_6k,active,Maaji,,7702781034795,
1690KKC02_blue_8k,Size,1690KKC02_blue_8k,active,Maaji,,7702781034801,
1690KKC02_blue_10k,Size,1690KKC02_blue_10k,active,Maaji,,7702781034818,
1690KKC02_blue_12k,Size,1690KKC02_blue_12k,active,Maaji,,7702781034825,
1690KKC02_blue_14k,Size,1690KKC02_blue_14k,active,Maaji,,7702781034832,
1690KKC02_blue_16k,Size,1690KKC02_blue_16k,active,Maaji,,7702781034849,
1693KKC02_blue_2k,Size,1693KKC02_blue_2k,active,Maaji,,7702781032326,
1693KKC02_blue_4k,Size,1693KKC02_blue_4k,active,Maaji,,7702781032333,
1693KKC02_blue_6k,Size,1693KKC02_blue_6k,active,Maaji,,7702781032340,
1693KKC02_blue_8k,Size,1693KKC02_blue_8k,active,Maaji,,7702781032357,
1693KKC02_blue_10k,Size,1693KKC02_blue_10k,active,Maaji,,7702781032364,
1693KKC02_blue_12k,Size,1693KKC02_blue_12k,active,Maaji,,7702781032371,
1693KKC02_blue_14k,Size,1693KKC02_blue_14k,active,Maaji,,7702781032388,
1693KKC02_blue_16k,Size,1693KKC02_blue_16k,active,Maaji,,7702781032395,
3100KKB01_orange_2k,Size,3100KKB01_orange_2k,active,Maaji,,7702781042905,
3100KKB01_orange_4k,Size,3100KKB01_orange_4k,active,Maaji,,7702781042912,
3100KKB01_orange_6k,Size,3100KKB01_orange_6k,active,Maaji,,7702781042929,
3100KKB01_orange_8k,Size,3100KKB01_orange_8k,active,Maaji,,7702781042936,
3100KKB01_orange_10k,Size,3100KKB01_orange_10k,active,Maaji,,7702781042943,
3100KKB01_orange_12k,Size,3100KKB01_orange_12k,active,Maaji,,7702781042950,
3100KKB01_orange_14k,Size,3100KKB01_orange_14k,active,Maaji,,7702781042967,
3100KKB01_orange_16k,Size,3100KKB01_orange_16k,active,Maaji,,7702781042974,
3066KKB03_orange_2k,Size,3066KKB03_orange_2k,active,Maaji,,7702781042820,
3066KKB03_orange_4k,Size,3066KKB03_orange_4k,active,Maaji,,7702781042837,
3066KKB03_orange_6k,Size,3066KKB03_orange_6k,active,Maaji,,7702781042844,
3066KKB03_orange_8k,Size,3066KKB03_orange_8k,active,Maaji,,7702781042851,
3066KKB03_orange_10k,Size,3066KKB03_orange_10k,active,Maaji,,7702781042868,
3066KKB03_orange_12k,Size,3066KKB03_orange_12k,active,Maaji,,7702781042875,
3066KKB03_orange_14k,Size,3066KKB03_orange_14k,active,Maaji,,7702781042882,
3066KKB03_orange_16k,Size,3066KKB03_orange_16k,active,Maaji,,7702781042899,
3101KKB02_orange_2k,Size,3101KKB02_orange_2k,active,Maaji,,7702781042745,
3101KKB02_orange_4k,Size,3101KKB02_orange_4k,active,Maaji,,7702781042752,
3101KKB02_orange_6k,Size,3101KKB02_orange_6k,active,Maaji,,7702781042769,
3101KKB02_orange_8k,Size,3101KKB02_orange_8k,active,Maaji,,7702781042776,
3101KKB02_orange_10k,Size,3101KKB02_orange_10k,active,Maaji,,7702781042783,
3101KKB02_orange_12k,Size,3101KKB02_orange_12k,active,Maaji,,7702781042790,
3101KKB02_orange_14k,Size,3101KKB02_orange_14k,active,Maaji,,7702781042806,
3101KKB02_orange_16k,Size,3101KKB02_orange_16k,active,Maaji,,7702781042813,
3099KKO01_orange_2k,Size,3099KKO01_orange_2k,active,Maaji,,7702781042660,
3099KKO01_orange_4k,Size,3099KKO01_orange_4k,active,Maaji,,7702781042677,
3099KKO01_orange_6k,Size,3099KKO01_orange_6k,active,Maaji,,7702781042684,
3099KKO01_orange_8k,Size,3099KKO01_orange_8k,active,Maaji,,7702781042691,
3099KKO01_orange_10k,Size,3099KKO01_orange_10k,active,Maaji,,7702781042707,
3099KKO01_orange_12k,Size,3099KKO01_orange_12k,active,Maaji,,7702781042714,
3099KKO01_orange_14k,Size,3099KKO01_orange_14k,active,Maaji,,7702781042721,
3099KKO01_orange_16k,Size,3099KKO01_orange_16k,active,Maaji,,7702781042738,
3085KKO02_orange_2k,Size,3085KKO02_orange_2k,active,Maaji,,7702781042981,
3085KKO02_orange_4k,Size,3085KKO02_orange_4k,active,Maaji,,7702781042998,
3085KKO02_orange_6k,Size,3085KKO02_orange_6k,active,Maaji,,7702781043001,
3085KKO02_orange_8k,Size,3085KKO02_orange_8k,active,Maaji,,7702781043018,
3085KKO02_orange_10k,Size,3085KKO02_orange_10k,active,Maaji,,7702781043025,
3085KKO02_orange_12k,Size,3085KKO02_orange_12k,active,Maaji,,7702781043032,
3085KKO02_orange_14k,Size,3085KKO02_orange_14k,active,Maaji,,7702781043049,
3085KKO02_orange_16k,Size,3085KKO02_orange_16k,active,Maaji,,7702781043056,
3103KKS01_orange_2k,Size,3103KKS01_orange_2k,active,Maaji,,7702781043247,
3103KKS01_orange_4k,Size,3103KKS01_orange_4k,active,Maaji,,7702781043254,
3103KKS01_orange_6k,Size,3103KKS01_orange_6k,active,Maaji,,7702781043261,
3103KKS01_orange_8k,Size,3103KKS01_orange_8k,active,Maaji,,7702781043278,
3103KKS01_orange_10k,Size,3103KKS01_orange_10k,active,Maaji,,7702781043285,
3103KKS01_orange_12k,Size,3103KKS01_orange_12k,active,Maaji,,7702781043292,
3103KKS01_orange_14k,Size,3103KKS01_orange_14k,active,Maaji,,7702781043308,
3103KKS01_orange_16k,Size,3103KKS01_orange_16k,active,Maaji,,7702781043315,
1691KKC02_purple_2k,Size,1691KKC02_purple_2k,active,Maaji,,7702781033255,
1691KKC02_purple_4k,Size,1691KKC02_purple_4k,active,Maaji,,7702781033262,
1691KKC02_purple_6k,Size,1691KKC02_purple_6k,active,Maaji,,7702781033279,
1691KKC02_purple_8k,Size,1691KKC02_purple_8k,active,Maaji,,7702781033286,
1691KKC02_purple_10k,Size,1691KKC02_purple_10k,active,Maaji,,7702781033293,
1691KKC02_purple_12k,Size,1691KKC02_purple_12k,active,Maaji,,7702781033309,
1691KKC02_purple_14k,Size,1691KKC02_purple_14k,active,Maaji,,7702781033316,
1691KKC02_purple_16k,Size,1691KKC02_purple_16k,active,Maaji,,7702781033323,
1695KKC01_purple_2k,Size,1695KKC01_purple_2k,active,Maaji,,7702781035051,
1695KKC01_purple_4k,Size,1695KKC01_purple_4k,active,Maaji,,7702781035068,
1695KKC01_purple_6k,Size,1695KKC01_purple_6k,active,Maaji,,7702781035075,
1695KKC01_purple_8k,Size,1695KKC01_purple_8k,active,Maaji,,7702781035082,
1695KKC01_purple_10k,Size,1695KKC01_purple_10k,active,Maaji,,7702781035099,
1695KKC01_purple_12k,Size,1695KKC01_purple_12k,active,Maaji,,7702781035105,
1695KKC01_purple_14k,Size,1695KKC01_purple_14k,active,Maaji,,7702781035112,
1695KKC01_purple_16k,Size,1695KKC01_purple_16k,active,Maaji,,7702781035129,
1891ASA01_gray_sm,Size,1891ASA01_gray_sm,active,Maaji,,7702781043575,
1891ASA01_gray_md,Size,1891ASA01_gray_md,active,Maaji,,7702781043582,
1891ASA01_gray_lg,Size,1891ASA01_gray_lg,active,Maaji,,7702781043599,
1863ALM03_gray_xs,Size,1863ALM03_gray_xs,active,Maaji,,7702781039363,
1863ALM03_gray_sm,Size,1863ALM03_gray_sm,active,Maaji,,7702781039370,
1863ALM03_gray_md,Size,1863ALM03_gray_md,active,Maaji,,7702781039387,
1863ALM03_gray_lg,Size,1863ALM03_gray_lg,active,Maaji,,7702781039394,
1832ASB02_beige_sm,Size,1832ASB02_beige_sm,active,Maaji,,7702781041991,
1832ASB02_beige_md,Size,1832ASB02_beige_md,active,Maaji,,7702781042004,
1832ASB02_beige_lg,Size,1832ASB02_beige_lg,active,Maaji,,7702781042011,
1886ASH02_gray_xs,Size,1886ASH02_gray_xs,active,Maaji,,7702781039714,
1886ASH02_gray_sm,Size,1886ASH02_gray_sm,active,Maaji,,7702781039721,
1886ASH02_gray_md,Size,1886ASH02_gray_md,active,Maaji,,7702781039738,
1886ASH02_gray_lg,Size,1886ASH02_gray_lg,active,Maaji,,7702781039745,
1760ASB05_beige_sm,Size,1760ASB05_beige_sm,active,Maaji,,7702781036096,
1760ASB05_beige_md,Size,1760ASB05_beige_md,active,Maaji,,7702781036102,
1760ASB05_beige_lg,Size,1760ASB05_beige_lg,active,Maaji,,7702781036119,
1887ASA01_gray_sm,Size,1887ASA01_gray_sm,active,Maaji,,7702781041793,
1887ASA01_gray_md,Size,1887ASA01_gray_md,active,Maaji,,7702781041809,
1887ASA01_gray_lg,Size,1887ASA01_gray_lg,active,Maaji,,7702781041816,
1872ABD01_beige_sm,Size,1872ABD01_beige_sm,active,Maaji,,7702781041946,
1872ABD01_beige_md,Size,1872ABD01_beige_md,active,Maaji,,7702781041953,
1872ABD01_beige_lg,Size,1872ABD01_beige_lg,active,Maaji,,7702781041960,
1886ASH01_white_xs,Size,1886ASH01_white_xs,active,Maaji,,7702781039660,
1886ASH01_white_sm,Size,1886ASH01_white_sm,active,Maaji,,7702781039677,
1886ASH01_white_md,Size,1886ASH01_white_md,active,Maaji,,7702781039684,
1886ASH01_white_lg,Size,1886ASH01_white_lg,active,Maaji,,7702781039691,
1785ALY04_gray_sm,Size,1785ALY04_gray_sm,active,Maaji,,7702781033873,
1785ALY04_gray_md,Size,1785ALY04_gray_md,active,Maaji,,7702781033880,
1785ALY04_gray_lg,Size,1785ALY04_gray_lg,active,Maaji,,7702781033897,
1769ALL05_black_xs,Size,1769ALL05_black_xs,active,Maaji,,7702781041373,
1769ALL05_black_sm,Size,1769ALL05_black_sm,active,Maaji,,7702781041380,
1769ALL05_black_md,Size,1769ALL05_black_md,active,Maaji,,7702781041397,
1769ALL05_black_lg,Size,1769ALL05_black_lg,active,Maaji,,7702781041403,
1882AST01_black_sm,Size,1882AST01_black_sm,active,Maaji,,7702781036140,
1882AST01_black_md,Size,1882AST01_black_md,active,Maaji,,7702781036157,
1882AST01_black_lg,Size,1882AST01_black_lg,active,Maaji,,7702781036164,
1786ALC07_gray_xs,Size,1786ALC07_gray_xs,active,Maaji,,7702781041656,
1786ALC07_gray_sm,Size,1786ALC07_gray_sm,active,Maaji,,7702781041663,
1786ALC07_gray_md,Size,1786ALC07_gray_md,active,Maaji,,7702781041670,
1786ALC07_gray_lg,Size,1786ALC07_gray_lg,active,Maaji,,7702781041687,
1779ASB04_black_sm,Size,1779ASB04_black_sm,active,Maaji,,7702781039820,
1779ASB04_black_md,Size,1779ASB04_black_md,active,Maaji,,7702781039837,
1779ASB04_black_lg,Size,1779ASB04_black_lg,active,Maaji,,7702781039844,
1883ATT03_gray_sm,Size,1883ATT03_gray_sm,active,Maaji,,7702781043476,
1883ATT03_gray_md,Size,1883ATT03_gray_md,active,Maaji,,7702781043483,
1883ATT03_gray_lg,Size,1883ATT03_gray_lg,active,Maaji,,7702781043490,
1876ASH01_blue_xs,Size,1876ASH01_blue_xs,active,Maaji,,7702781037031,
1876ASH01_blue_sm,Size,1876ASH01_blue_sm,active,Maaji,,7702781037048,
1876ASH01_blue_md,Size,1876ASH01_blue_md,active,Maaji,,7702781037055,
1876ASH01_blue_lg,Size,1876ASH01_blue_lg,active,Maaji,,7702781037062,
1879ASB01_blue_sm,Size,1879ASB01_blue_sm,active,Maaji,,7702781042097,
1879ASB01_blue_md,Size,1879ASB01_blue_md,active,Maaji,,7702781042103,
1879ASB01_blue_lg,Size,1879ASB01_blue_lg,active,Maaji,,7702781042110,
1823ALC05_blue_xs,Size,1823ALC05_blue_xs,active,Maaji,,7702781039066,
1823ALC05_blue_sm,Size,1823ALC05_blue_sm,active,Maaji,,7702781039073,
1823ALC05_blue_md,Size,1823ALC05_blue_md,active,Maaji,,7702781039080,
1823ALC05_blue_lg,Size,1823ALC05_blue_lg,active,Maaji,,7702781039097,
1875ASB01_black_sm,Size,1875ASB01_black_sm,active,Maaji,,7702781042042,
1875ASB01_black_md,Size,1875ASB01_black_md,active,Maaji,,7702781042059,
1875ASB01_black_lg,Size,1875ASB01_black_lg,active,Maaji,,7702781042066,
1827ASB03_blue_sm,Size,1827ASB03_blue_sm,active,Maaji,,7702781037192,
1827ASB03_blue_md,Size,1827ASB03_blue_md,active,Maaji,,7702781037208,
1827ASB03_blue_lg,Size,1827ASB03_blue_lg,active,Maaji,,7702781037215,
1837ALM04_blue_xs,Size,1837ALM04_blue_xs,active,Maaji,,7702781032029,
1837ALM04_blue_sm,Size,1837ALM04_blue_sm,active,Maaji,,7702781032036,
1837ALM04_blue_md,Size,1837ALM04_blue_md,active,Maaji,,7702781032043,
1837ALM04_blue_lg,Size,1837ALM04_blue_lg,active,Maaji,,7702781032050,
1825ALM05_blue_xs,Size,1825ALM05_blue_xs,active,Maaji,,7702781041427,
1825ALM05_blue_sm,Size,1825ALM05_blue_sm,active,Maaji,,7702781041434,
1825ALM05_blue_md,Size,1825ALM05_blue_md,active,Maaji,,7702781041441,
1825ALM05_blue_lg,Size,1825ALM05_blue_lg,active,Maaji,,7702781041458,
1806ALM03_blue_xs,Size,1806ALM03_blue_xs,active,Maaji,,7702781038038,
1806ALM03_blue_sm,Size,1806ALM03_blue_sm,active,Maaji,,7702781038045,
1806ALM03_blue_md,Size,1806ALM03_blue_md,active,Maaji,,7702781038052,
1806ALM03_blue_lg,Size,1806ALM03_blue_lg,active,Maaji,,7702781038069,
1786ALM08_blue_xs,Size,1786ALM08_blue_xs,active,Maaji,,7702781038861,
1786ALM08_blue_sm,Size,1786ALM08_blue_sm,active,Maaji,,7702781038878,
1786ALM08_blue_md,Size,1786ALM08_blue_md,active,Maaji,,7702781038885,
1786ALM08_blue_lg,Size,1786ALM08_blue_lg,active,Maaji,,7702781038892,
1849ATT01_black_sm,Size,1849ATT01_black_sm,active,Maaji,,7702781017361,
1849ATT01_black_md,Size,1849ATT01_black_md,active,Maaji,,7702781017378,
1849ATT01_black_lg,Size,1849ATT01_black_lg,active,Maaji,,7702781017385,
1888ATT03_blue_sm,Size,1888ATT03_blue_sm,active,Maaji,,7702781036041,
1888ATT03_blue_md,Size,1888ATT03_blue_md,active,Maaji,,7702781036058,
1888ATT03_blue_lg,Size,1888ATT03_blue_lg,active,Maaji,,7702781036065,
1795APA05_blue_sm,Size,1795APA05_blue_sm,active,Maaji,,7702781037895,
1795APA05_blue_md,Size,1795APA05_blue_md,active,Maaji,,7702781037901,
1795APA05_blue_lg,Size,1795APA05_blue_lg,active,Maaji,,7702781037918,
1883ATT02_beige_sm,Size,1883ATT02_beige_sm,active,Maaji,,7702781043681,
1883ATT02_beige_md,Size,1883ATT02_beige_md,active,Maaji,,7702781043698,
1883ATT02_beige_lg,Size,1883ATT02_beige_lg,active,Maaji,,7702781043704,
1892ALY01_gray_sm,Size,1892ALY01_gray_sm,active,Maaji,,7702781030117,
1892ALY01_gray_md,Size,1892ALY01_gray_md,active,Maaji,,7702781030124,
1892ALY01_gray_lg,Size,1892ALY01_gray_lg,active,Maaji,,7702781030131,
1869ALS03_gray_sm,Size,1869ALS03_gray_sm,active,Maaji,,7702781029968,
1869ALS03_gray_md,Size,1869ALS03_gray_md,active,Maaji,,7702781029975,
1869ALS03_gray_lg,Size,1869ALS03_gray_lg,active,Maaji,,7702781029982,
1889AHL01_gray_sm,Size,1889AHL01_gray_sm,active,Maaji,,7702781043209,
1889AHL01_gray_md,Size,1889AHL01_gray_md,active,Maaji,,7702781043216,
1889AHL01_gray_lg,Size,1889AHL01_gray_lg,active,Maaji,,7702781043223,
1868ASB01_green_sm,Size,1868ASB01_green_sm,active,Maaji,,7702781041892,
1868ASB01_green_md,Size,1868ASB01_green_md,active,Maaji,,7702781041908,
1868ASB01_green_lg,Size,1868ASB01_green_lg,active,Maaji,,7702781041915,
1760ASB07_black_sm,Size,1760ASB07_black_sm,active,Maaji,,7702781034863,
1760ASB07_black_md,Size,1760ASB07_black_md,active,Maaji,,7702781034870,
1760ASB07_black_lg,Size,1760ASB07_black_lg,active,Maaji,,7702781034887,
1881ASB01_green_sm,Size,1881ASB01_green_sm,active,Maaji,,7702781035594,
1881ASB01_green_md,Size,1881ASB01_green_md,active,Maaji,,7702781035600,
1881ASB01_green_lg,Size,1881ASB01_green_lg,active,Maaji,,7702781035617,
1873ASB01_black_sm,Size,1873ASB01_black_sm,active,Maaji,,7702781041335,
1873ASB01_black_md,Size,1873ASB01_black_md,active,Maaji,,7702781041342,
1873ASB01_black_lg,Size,1873ASB01_black_lg,active,Maaji,,7702781041359,
1765ASB03_black_sm,Size,1765ASB03_black_sm,active,Maaji,,7702781033927,
1765ASB03_black_md,Size,1765ASB03_black_md,active,Maaji,,7702781033934,
1765ASB03_black_lg,Size,1765ASB03_black_lg,active,Maaji,,7702781033941,
1827ASB04_green_sm,Size,1827ASB04_green_sm,active,Maaji,,7702781037147,
1827ASB04_green_md,Size,1827ASB04_green_md,active,Maaji,,7702781037154,
1827ASB04_green_lg,Size,1827ASB04_green_lg,active,Maaji,,7702781037161,
1876ASH02_gray_xs,Size,1876ASH02_gray_xs,active,Maaji,,7702781037086,
1876ASH02_gray_sm,Size,1876ASH02_gray_sm,active,Maaji,,7702781037093,
1876ASH02_gray_md,Size,1876ASH02_gray_md,active,Maaji,,7702781037109,
1876ASH02_gray_lg,Size,1876ASH02_gray_lg,active,Maaji,,7702781037116,
1863ALM04_green_xs,Size,1863ALM04_green_xs,active,Maaji,,7702781039561,
1863ALM04_green_sm,Size,1863ALM04_green_sm,active,Maaji,,7702781039578,
1863ALM04_green_md,Size,1863ALM04_green_md,active,Maaji,,7702781039585,
1863ALM04_green_lg,Size,1863ALM04_green_lg,active,Maaji,,7702781039592,
1866ALM02_green_xs,Size,1866ALM02_green_xs,active,Maaji,,7702781035686,
1866ALM02_green_sm,Size,1866ALM02_green_sm,active,Maaji,,7702781035693,
1866ALM02_green_md,Size,1866ALM02_green_md,active,Maaji,,7702781035709,
1866ALM02_green_lg,Size,1866ALM02_green_lg,active,Maaji,,7702781035716,
1791ALM02_green_xs,Size,1791ALM02_green_xs,active,Maaji,,7702781043148,
1791ALM02_green_sm,Size,1791ALM02_green_sm,active,Maaji,,7702781043155,
1791ALM02_green_md,Size,1791ALM02_green_md,active,Maaji,,7702781043162,
1791ALM02_green_lg,Size,1791ALM02_green_lg,active,Maaji,,7702781043179,
1813ALM08_gray_xs,Size,1813ALM08_gray_xs,active,Maaji,,7702781040567,
1813ALM08_gray_sm,Size,1813ALM08_gray_sm,active,Maaji,,7702781040574,
1813ALM08_gray_md,Size,1813ALM08_gray_md,active,Maaji,,7702781040581,
1813ALM08_gray_lg,Size,1813ALM08_gray_lg,active,Maaji,,7702781040598,
1786ALM05_green_xs,Size,1786ALM05_green_xs,active,Maaji,,7702781035235,
1786ALM05_green_sm,Size,1786ALM05_green_sm,active,Maaji,,7702781035242,
1786ALM05_green_md,Size,1786ALM05_green_md,active,Maaji,,7702781035259,
1786ALM05_green_lg,Size,1786ALM05_green_lg,active,Maaji,,7702781035266,
1833ALL02_green_xs,Size,1833ALL02_green_xs,active,Maaji,,7702781036980,
1833ALL02_green_sm,Size,1833ALL02_green_sm,active,Maaji,,7702781036997,
1833ALL02_green_md,Size,1833ALL02_green_md,active,Maaji,,7702781037000,
1833ALL02_green_lg,Size,1833ALL02_green_lg,active,Maaji,,7702781037017,
1823ALL03_black_xs,Size,1823ALL03_black_xs,active,Maaji,,7702781039165,
1823ALL03_black_sm,Size,1823ALL03_black_sm,active,Maaji,,7702781039172,
1823ALL03_black_md,Size,1823ALL03_black_md,active,Maaji,,7702781039189,
1823ALL03_black_lg,Size,1823ALL03_black_lg,active,Maaji,,7702781039196,
1877AJG01_black_sm,Size,1877AJG01_black_sm,active,Maaji,,7702781042141,
1877AJG01_black_md,Size,1877AJG01_black_md,active,Maaji,,7702781042158,
1877AJG01_black_lg,Size,1877AJG01_black_lg,active,Maaji,,7702781042165,
1886ASH03_green_xs,Size,1886ASH03_green_xs,active,Maaji,,7702781039769,
1886ASH03_green_sm,Size,1886ASH03_green_sm,active,Maaji,,7702781039776,
1886ASH03_green_md,Size,1886ASH03_green_md,active,Maaji,,7702781039783,
1886ASH03_green_lg,Size,1886ASH03_green_lg,active,Maaji,,7702781039790,
1888ATT01_green_sm,Size,1888ATT01_green_sm,active,Maaji,,7702781035891,
1888ATT01_green_md,Size,1888ATT01_green_md,active,Maaji,,7702781035907,
1888ATT01_green_lg,Size,1888ATT01_green_lg,active,Maaji,,7702781035914,
1883ATT04_blue_sm,Size,1883ATT04_blue_sm,active,Maaji,,7702781043520,
1883ATT04_blue_md,Size,1883ATT04_blue_md,active,Maaji,,7702781043537,
1883ATT04_blue_lg,Size,1883ATT04_blue_lg,active,Maaji,,7702781043544,
1883ATT05_black_sm,Size,1883ATT05_black_sm,active,Maaji,,7702781043834,
1883ATT05_black_md,Size,1883ATT05_black_md,active,Maaji,,7702781043841,
1883ATT05_black_lg,Size,1883ATT05_black_lg,active,Maaji,,7702781043858,
1892ALY03_blue_sm,Size,1892ALY03_blue_sm,active,Maaji,,7702781030216,
1892ALY03_blue_md,Size,1892ALY03_blue_md,active,Maaji,,7702781030223,
1892ALY03_blue_lg,Size,1892ALY03_blue_lg,active,Maaji,,7702781030230,
1880ATS03_gray_sm,Size,1880ATS03_gray_sm,active,Maaji,,7702781030810,
1880ATS03_gray_md,Size,1880ATS03_gray_md,active,Maaji,,7702781030827,
1880ATS03_gray_lg,Size,1880ATS03_gray_lg,active,Maaji,,7702781030834,
1869ALS01_aquamarine_sm,Size,1869ALS01_aquamarine_sm,active,Maaji,,7702781030018,
1869ALS01_aquamarine_md,Size,1869ALS01_aquamarine_md,active,Maaji,,7702781030025,
1869ALS01_aquamarine_lg,Size,1869ALS01_aquamarine_lg,active,Maaji,,7702781030032,
1890ASA01_gray_sm,Size,1890ASA01_gray_sm,active,Maaji,,7702781038472,
1890ASA01_gray_md,Size,1890ASA01_gray_md,active,Maaji,,7702781038489,
1890ASA01_gray_lg,Size,1890ASA01_gray_lg,active,Maaji,,7702781038496,
1864ALY02_aquamarine_sm,Size,1864ALY02_aquamarine_sm,active,Maaji,,7702781036843,
1864ALY02_aquamarine_md,Size,1864ALY02_aquamarine_md,active,Maaji,,7702781036850,
1864ALY02_aquamarine_lg,Size,1864ALY02_aquamarine_lg,active,Maaji,,7702781036867,
1865AHL02_aquamarine_sm,Size,1865AHL02_aquamarine_sm,active,Maaji,,7702781036645,
1865AHL02_aquamarine_md,Size,1865AHL02_aquamarine_md,active,Maaji,,7702781036652,
1865AHL02_aquamarine_lg,Size,1865AHL02_aquamarine_lg,active,Maaji,,7702781036669,
1878AVS01_gray_sm,Size,1878AVS01_gray_sm,active,Maaji,,7702781041847,
1878AVS01_gray_md,Size,1878AVS01_gray_md,active,Maaji,,7702781041854,
1878AVS01_gray_lg,Size,1878AVS01_gray_lg,active,Maaji,,7702781041861,
1845AJK02_green_sm,Size,1845AJK02_green_sm,active,Maaji,,7702781040529,
1845AJK02_green_md,Size,1845AJK02_green_md,active,Maaji,,7702781040536,
1845AJK02_green_lg,Size,1845AJK02_green_lg,active,Maaji,,7702781040543,
1885ASH02_green_xs,Size,1885ASH02_green_xs,active,Maaji,,7702781034900,
1885ASH02_green_sm,Size,1885ASH02_green_sm,active,Maaji,,7702781034917,
1885ASH02_green_md,Size,1885ASH02_green_md,active,Maaji,,7702781034924,
1885ASH02_green_lg,Size,1885ASH02_green_lg,active,Maaji,,7702781034931,
1871ASB01_pink_sm,Size,1871ASB01_pink_sm,active,Maaji,,7702781043735,
1871ASB01_pink_md,Size,1871ASB01_pink_md,active,Maaji,,7702781043742,
1871ASB01_pink_lg,Size,1871ASB01_pink_lg,active,Maaji,,7702781043759,
1779ASB05_gray_sm,Size,1779ASB05_gray_sm,active,Maaji,,7702781039875,
1779ASB05_gray_md,Size,1779ASB05_gray_md,active,Maaji,,7702781039882,
1779ASB05_gray_lg,Size,1779ASB05_gray_lg,active,Maaji,,7702781039899,
1760ASB06_gray_sm,Size,1760ASB06_gray_sm,active,Maaji,,7702781035143,
1760ASB06_gray_md,Size,1760ASB06_gray_md,active,Maaji,,7702781035150,
1760ASB06_gray_lg,Size,1760ASB06_gray_lg,active,Maaji,,7702781035167,
1881ASB02_gray_sm,Size,1881ASB02_gray_sm,active,Maaji,,7702781035648,
1881ASB02_gray_md,Size,1881ASB02_gray_md,active,Maaji,,7702781035655,
1881ASB02_gray_lg,Size,1881ASB02_gray_lg,active,Maaji,,7702781035662,
1835ALC03_gray_xs,Size,1835ALC03_gray_xs,active,Maaji,,7702781041601,
1835ALC03_gray_sm,Size,1835ALC03_gray_sm,active,Maaji,,7702781041618,
1835ALC03_gray_md,Size,1835ALC03_gray_md,active,Maaji,,7702781041625,
1835ALC03_gray_lg,Size,1835ALC03_gray_lg,active,Maaji,,7702781041632,
1786ALC06_pink_xs,Size,1786ALC06_pink_xs,active,Maaji,,7702781034955,
1786ALC06_pink_sm,Size,1786ALC06_pink_sm,active,Maaji,,7702781034962,
1786ALC06_pink_md,Size,1786ALC06_pink_md,active,Maaji,,7702781034979,
1786ALC06_pink_lg,Size,1786ALC06_pink_lg,active,Maaji,,7702781034986,
1863ALM05_gray_xs,Size,1863ALM05_gray_xs,active,Maaji,,7702781039615,
1863ALM05_gray_sm,Size,1863ALM05_gray_sm,active,Maaji,,7702781039622,
1863ALM05_gray_md,Size,1863ALM05_gray_md,active,Maaji,,7702781039639,
1863ALM05_gray_lg,Size,1863ALM05_gray_lg,active,Maaji,,7702781039646,
1866ALM01_gray_xs,Size,1866ALM01_gray_xs,active,Maaji,,7702781035730,
1866ALM01_gray_sm,Size,1866ALM01_gray_sm,active,Maaji,,7702781035747,
1866ALM01_gray_md,Size,1866ALM01_gray_md,active,Maaji,,7702781035754,
1866ALM01_gray_lg,Size,1866ALM01_gray_lg,active,Maaji,,7702781035761,
1825ALM04_black_xs,Size,1825ALM04_black_xs,active,Maaji,,7702781041472,
1825ALM04_black_sm,Size,1825ALM04_black_sm,active,Maaji,,7702781041489,
1825ALM04_black_md,Size,1825ALM04_black_md,active,Maaji,,7702781041496,
1825ALM04_black_lg,Size,1825ALM04_black_lg,active,Maaji,,7702781041502,
1823ALL04_gray_xs,Size,1823ALL04_gray_xs,active,Maaji,,7702781039011,
1823ALL04_gray_sm,Size,1823ALL04_gray_sm,active,Maaji,,7702781039028,
1823ALL04_gray_md,Size,1823ALL04_gray_md,active,Maaji,,7702781039035,
1823ALL04_gray_lg,Size,1823ALL04_gray_lg,active,Maaji,,7702781039042,
1822ALL04_gray_xs,Size,1822ALL04_gray_xs,active,Maaji,,7702781039011,
1822ALL04_gray_sm,Size,1822ALL04_gray_sm,active,Maaji,,7702781039028,
1822ALL04_gray_md,Size,1822ALL04_gray_md,active,Maaji,,7702781039035,
1822ALL04_gray_lg,Size,1822ALL04_gray_lg,active,Maaji,,7702781039042,
1795APA04_white_sm,Size,1795APA04_white_sm,active,Maaji,,7702781037840,
1795APA04_white_md,Size,1795APA04_white_md,active,Maaji,,7702781037857,
1795APA04_white_lg,Size,1795APA04_white_lg,active,Maaji,,7702781037864,
1888ATT02_white_sm,Size,1888ATT02_white_sm,active,Maaji,,7702781035945,
1888ATT02_white_md,Size,1888ATT02_white_md,active,Maaji,,7702781035952,
1888ATT02_white_lg,Size,1888ATT02_white_lg,active,Maaji,,7702781035969,
1883ATT06_beige_sm,Size,1883ATT06_beige_sm,active,Maaji,,7702781043889,
1883ATT06_beige_md,Size,1883ATT06_beige_md,active,Maaji,,7702781043896,
1883ATT06_beige_lg,Size,1883ATT06_beige_lg,active,Maaji,,7702781043902,
1883ATT01_white_sm,Size,1883ATT01_white_sm,active,Maaji,,7702781043780,
1883ATT01_white_md,Size,1883ATT01_white_md,active,Maaji,,7702781043797,
1883ATT01_white_lg,Size,1883ATT01_white_lg,active,Maaji,,7702781043803,
1892ALY02_orange_sm,Size,1892ALY02_orange_sm,active,Maaji,,7702781030162,
1892ALY02_orange_md,Size,1892ALY02_orange_md,active,Maaji,,7702781030179,
1892ALY02_orange_lg,Size,1892ALY02_orange_lg,active,Maaji,,7702781030186,
1880ATS02_white_sm,Size,1880ATS02_white_sm,active,Maaji,,7702781030766,
1880ATS02_white_md,Size,1880ATS02_white_md,active,Maaji,,7702781030773,
1880ATS02_white_lg,Size,1880ATS02_white_lg,active,Maaji,,7702781030780,
1787ALY04_gray_sm,Size,1787ALY04_gray_sm,active,Maaji,,7702781037246,
1787ALY04_gray_md,Size,1787ALY04_gray_md,active,Maaji,,7702781037253,
1787ALY04_gray_lg,Size,1787ALY04_gray_lg,active,Maaji,,7702781037260,
1884ALY01_white_sm,Size,1884ALY01_white_sm,active,Maaji,,7702781043636,
1884ALY01_white_md,Size,1884ALY01_white_md,active,Maaji,,7702781043643,
1884ALY01_white_lg,Size,1884ALY01_white_lg,active,Maaji,,7702781043650,
1869ALS02_pink_sm,Size,1869ALS02_pink_sm,active,Maaji,,7702781030063,
1869ALS02_pink_md,Size,1869ALS02_pink_md,active,Maaji,,7702781030070,
1869ALS02_pink_lg,Size,1869ALS02_pink_lg,active,Maaji,,7702781030087,
1864ALY01_white_sm,Size,1864ALY01_white_sm,active,Maaji,,7702781036799,
1864ALY01_white_md,Size,1864ALY01_white_md,active,Maaji,,7702781036805,
1864ALY01_white_lg,Size,1864ALY01_white_lg,active,Maaji,,7702781036812,
1865AHL01_white_sm,Size,1865AHL01_white_sm,active,Maaji,,7702781036546,
1865AHL01_white_md,Size,1865AHL01_white_md,active,Maaji,,7702781036553,
1865AHL01_white_lg,Size,1865AHL01_white_lg,active,Maaji,,7702781036560,
1870AJK01_assorted_sm,Size,1870AJK01_assorted_sm,active,Maaji,,7702781032814,
1870AJK01_assorted_md,Size,1870AJK01_assorted_md,active,Maaji,,7702781032821,
1870AJK01_assorted_lg,Size,1870AJK01_assorted_lg,active,Maaji,,7702781032838,
1845AJK03_gray_sm,Size,1845AJK03_gray_sm,active,Maaji,,7702781040475,
1845AJK03_gray_md,Size,1845AJK03_gray_md,active,Maaji,,7702781040482,
1845AJK03_gray_lg,Size,1845AJK03_gray_lg,active,Maaji,,7702781040499,
1885ASH01_gray_xs,Size,1885ASH01_gray_xs,active,Maaji,,7702781035181,
1885ASH01_gray_sm,Size,1885ASH01_gray_sm,active,Maaji,,7702781035198,
1885ASH01_gray_md,Size,1885ASH01_gray_md,active,Maaji,,7702781035204,
1885ASH01_gray_lg,Size,1885ASH01_gray_lg,active,Maaji,,7702781035211,
